time	worker_pid	rss_mib	footprint_mib	worker_compressed_mib	free_mib	compressor_mib
17:35:12	24553	27	26	0	6527	5488
17:35:13	24553	264	352	0	6067	5487
17:35:14	24553	768	749	0	5635	5487
17:35:15	24553	820	800	0	5590	5487
17:35:17	24553	844	833	0	5552	5487
17:35:18	24553	982	1018	0	5347	5487
17:35:19	24553	1100	1081	0	5282	5487
17:35:20	24553	1265	1291	0	5045	5487
17:35:21	24553	1497	1481	0	4821	5486
17:35:23	24553	1544	1526	0	4771	5486
17:35:25	24553	1836	1859	0	4387	5485
17:35:26	24553	2422	2448	0	3740	5484
17:35:28	24553	3274	3682	0	2391	5477
17:35:29	24553	3670	4001	0	2033	5477
17:35:30	24553	3686	4002	0	1999	5474
17:35:31	24553	3686	3998	0	1996	5474
17:35:32	24553	3686	3998	0	1992	5473
17:35:34	24553	3686	3998	0	1994	5473
17:35:35	24553	3686	3998	0	1993	5473
17:35:36	24553	3686	3998	0	1977	5462
17:35:37	24553	3686	3998	0	1977	5462
17:35:38	24553	3686	3998	0	1976	5461
17:35:40	24553	3686	3998	0	1977	5461
17:35:41	24553	3686	3998	0	1979	5461
17:35:42	24553	3686	3998	0	1978	5461
17:35:43	24553	3686	3998	0	1979	5461
17:35:44	24553	3686	3998	0	1979	5461
17:35:46	24553	3686	3998	0	1981	5461
17:35:47	24553	3686	3998	0	1982	5461
17:35:48	24553	3686	3998	0	1981	5461
17:35:49	24553	3686	3998	0	1983	5461
17:35:51	24553	3686	3998	0	1981	5461
17:35:52	24553	3686	3998	0	1984	5461
17:35:53	24553	3686	3998	0	1983	5461
17:35:54	24553	3686	3998	0	1982	5461
17:35:55	24553	3686	3998	0	1983	5461
17:35:57	24553	3686	3998	0	1983	5461
17:35:58	24553	3689	4001	0	1995	5461
17:35:59	25467	190	177	0	5185	5461
17:36:00	25467	720	749	0	4622	5461
17:36:01	25467	809	796	0	4576	5461
17:36:03	25467	839	819	0	4565	5461
17:36:04	25467	1031	1021	0	4396	5461
17:36:05	25467	1174	1295	0	4142	5461
17:36:06	25467	1632	1718	0	3886	5461
17:36:07	25467	2556	2581	0	3113	5461
17:36:09	25467	3391	3891	0	1934	5460
17:36:10	25467	3633	3962	0	1885	5460
17:36:11	25467	3636	3962	0	1873	5460
17:36:12	25467	3637	3963	0	1873	5460
17:36:13	25467	3637	3963	0	1873	5460
17:36:15	25467	3638	3963	0	1873	5460
17:36:16	25467	3638	3963	0	1872	5460
17:36:17	25467	3638	3963	0	1902	5460
17:36:18	25467	3638	3964	0	1901	5460
17:36:19	25467	3638	3964	0	1901	5460
17:36:21	25467	3639	3964	0	1907	5460
17:36:22	25467	3639	3964	0	1906	5460
17:36:23	25467	3639	3964	0	1904	5460
17:36:24	25467	3639	3964	0	1906	5460
17:36:26	25467	3639	3964	0	1906	5460
17:36:27	25467	3639	3964	0	1906	5460
17:36:28	25467	3639	3965	0	1907	5460
17:36:29	25467	3639	3965	0	1905	5460
17:36:30	25467	3639	3965	0	1907	5460
17:36:32	25467	3639	3965	0	1905	5460
17:36:33	25467	3639	3965	0	1912	5460
17:36:34	25467	3639	3965	0	1910	5460
17:36:35	25467	3639	3965	0	1911	5460
17:36:36	25467	3639	3965	0	1913	5460
17:36:38	25467	3639	3965	0	1910	5460
17:36:39	25467	3646	3972	0	1895	5460
17:36:40	25467	3646	3972	0	1893	5460
17:36:41	25467	3651	3976	0	1891	5460
17:36:43	25467	3651	3976	0	1891	5460
17:36:44	25467	3651	3976	0	1890	5459
17:36:45	25467	3651	3976	0	1888	5459
17:36:46	25467	3651	3976	0	1889	5459
17:36:47	25467	3651	3976	0	1888	5459
17:36:49	25467	3651	3976	0	1889	5459
17:36:50	25467	3651	3976	0	1890	5459
17:36:51	25467	3651	3976	0	1890	5459
17:36:52	25467	3651	3976	0	1907	5459
17:36:54	25467	3651	3976	0	1905	5459
17:36:55	25467	3651	3976	0	1904	5459
17:36:56	25467	3651	3976	0	1904	5459
17:36:57	25467	3651	3976	0	1905	5459
17:36:58	25467	3651	3976	0	1905	5459
17:37:00	25467	3651	3982	0	1871	5459
17:37:01	25467	3651	3981	0	1869	5459
17:37:02	25467	3651	3981	0	1870	5459
17:37:03	25467	3651	3981	0	1869	5459
17:37:04	25467	3651	3981	0	1868	5459
17:37:06	25467	3651	3981	0	1868	5459
17:37:07	25467	3651	3981	0	1896	5459
17:37:08	25467	3651	3981	0	1896	5459
17:37:09	25467	3651	3981	0	1897	5459
17:37:11	25467	3699	4050	0	1804	5459
17:37:12	25467	3741	4071	0	1773	5459
17:37:13	25467	3747	4079	0	1753	5459
17:37:14	25467	3915	4256	0	1575	5459
17:37:15	25467	4008	4338	0	1493	5459
17:37:17	25467	4008	4338	0	1495	5459
17:37:18	25467	4008	4338	0	1493	5459
17:37:19	25467	4136	4466	0	1365	5459
17:37:20	25467	4136	4466	0	1367	5459
17:37:21	25467	4136	4466	0	1367	5459
17:37:23	25467	4136	4466	0	1368	5459
17:37:24	25467	4136	4466	0	1367	5459
17:37:25	25467	4136	4466	0	1366	5459
17:37:26	25467	4136	4466	0	1362	5457
17:37:28	25467	4136	4466	0	1362	5457
17:37:29	25467	4136	4466	0	1362	5457
17:37:30	25467	4136	4466	0	1361	5457
17:37:31	25467	4136	4466	0	1361	5457
17:37:32	25467	4136	4466	0	1362	5457
17:37:34	25467	4136	4466	0	1362	5457
17:37:35	25467	4136	4466	0	1361	5457
17:37:36	25467	4136	4466	0	1361	5457
17:37:37	25467	4136	4466	0	1362	5457
17:37:39	25467	4136	4466	0	1362	5457
17:37:40	25467	4136	4466	0	1362	5457
17:37:41	25467	4136	4466	0	1361	5457
17:37:42	25467	4138	4469	0	1357	5457
17:37:43	25467	4138	4469	0	1358	5457
17:37:45	25467	4138	4469	0	1357	5457
17:37:46	25467	4138	4469	0	1354	5454
17:37:47	25467	4138	4469	0	1356	5454
17:37:48	25467	4138	4469	0	1356	5454
17:37:49	25467	4138	4469	0	1355	5454
17:37:51	25467	4138	4469	0	1356	5454
17:37:52	25467	4138	4469	0	1406	5454
17:37:53	25467	4138	4469	0	1423	5454
17:37:54	25467	4138	4469	0	1423	5454
17:37:56	25467	4138	4469	0	1423	5454
17:37:57	25467	4138	4469	0	1423	5454
17:37:58	25467	4138	4469	0	1425	5454
17:37:59	25467	4138	4469	0	1423	5454
17:38:00	25467	4139	4481	0	1329	5454
17:38:02	25467	4139	4480	0	1322	5454
17:38:03	25467	4139	4480	0	1322	5454
17:38:04	25467	4139	4480	0	1323	5454
17:38:05	25467	4139	4480	0	1323	5454
17:38:07	25467	4139	4480	0	1324	5454
17:38:08	25467	4139	4480	0	1352	5454
17:38:09	25467	4139	4480	0	1351	5454
17:38:10	25467	4139	4480	0	1351	5454
17:38:11	25467	4139	4480	0	1353	5454
17:38:13	25467	4139	4480	0	1352	5454
17:38:14	25467	4139	4480	0	1352	5454
17:38:15	25467	4139	4480	0	1353	5454
17:38:16	25467	4139	4480	0	1354	5454
17:38:17	25467	4139	4480	0	1353	5454
17:38:19	25467	4139	4480	0	1353	5454
17:38:20	25467	4139	4480	0	1353	5454
17:38:21	25467	4139	4480	0	1354	5454
17:38:22	25467	4139	4480	0	1353	5454
17:38:24	25467	4139	4480	0	1353	5454
17:38:25	25467	4139	4480	0	1350	5454
17:38:26	25467	4139	4480	0	1349	5454
17:38:27	25467	4139	4480	0	1349	5454
17:38:28	25467	4139	4480	0	1316	5454
17:38:30	25467	4139	4480	0	1298	5454
17:38:31	25467	4139	4480	0	1283	5454
17:38:32	25467	4139	4480	0	1257	5454
17:38:33	25467	4139	4480	0	1245	5454
17:38:35	25467	4139	4480	0	1243	5454
17:38:36	25467	4139	4480	0	1244	5454
17:38:37	25467	4139	4480	0	1245	5454
17:38:38	25467	4139	4480	0	1247	5454
17:38:39	25467	4139	4480	0	1246	5454
17:38:41	25467	4139	4480	0	1236	5454
17:38:42	25467	4139	4480	0	1236	5454
17:38:43	25467	4139	4480	0	1242	5454
17:38:44	25467	4139	4480	0	1241	5454
17:38:45	25467	4139	4480	0	1242	5454
17:38:47	25467	4139	4480	0	1243	5454
17:38:48	25467	4139	4480	0	1241	5454
17:38:49	25467	4139	4480	0	1243	5454
17:38:50	25467	4139	4480	0	1244	5454
17:38:52	25467	4139	4480	0	1242	5454
17:38:53	25467	4139	4480	0	1297	5454
17:38:54	25467	4139	4480	0	1296	5454
17:38:55	25467	4139	4480	0	1296	5454
17:38:56	25467	4139	4480	0	1291	5453
17:38:58	25467	4139	4480	0	1276	5452
17:38:59	25467	4139	4480	0	1276	5452
17:39:00	25467	4141	4492	0	1182	5452
17:39:01	25467	4141	4491	0	1176	5452
17:39:03	25467	4141	4491	0	1176	5452
17:39:04	25467	4141	4491	0	1176	5452
17:39:05	25467	4141	4491	0	1175	5452
17:39:06	25467	4141	4491	0	1178	5452
17:39:07	25467	4141	4491	0	1157	5449
17:39:09	25467	4141	4491	0	1085	5445
17:39:10	25467	4141	4491	0	1073	5444
17:39:11	25467	4141	4491	0	1075	5444
17:39:12	25467	4141	4491	0	1074	5444
17:39:13	25467	4141	4491	0	1080	5444
17:39:15	25467	4141	4491	0	1083	5444
17:39:16	25467	4141	4491	0	1082	5444
17:39:17	25467	4141	4491	0	1080	5443
17:39:18	25467	4141	4491	0	1079	5443
17:39:20	25467	4141	4491	0	1079	5443
17:39:21	25467	4141	4491	0	1080	5443
17:39:22	25467	4141	4491	0	1081	5443
17:39:23	25467	4141	4491	0	1091	5443
17:39:24	25467	4141	4491	0	1090	5443
17:39:26	25467	4141	4491	0	1090	5443
17:39:27	25467	4141	4491	0	1089	5443
17:39:28	25467	4141	4491	0	1090	5443
17:39:29	25467	4248	4590	0	927	5443
17:39:31	25467	4616	5134	0	351	5443
17:39:32	25467	5211	5868	0	59	5399
17:39:33	25467	4101	6297	1421	53	6039
17:39:34	25467	4146	6292	1432	543	6047
17:39:36	25467	4255	6327	1363	307	6013
17:39:37	25467	4311	6408	1335	221	6007
17:39:38	25467	4339	6343	1310	197	5997
17:39:39	25467	4417	6408	1300	116	5990
17:39:41	25467	4363	6389	1299	148	5987
17:39:42	25467	4396	6338	1298	146	5987
17:39:43	25467	4425	6438	1277	200	5959
17:39:44	25467	4437	6415	1275	167	5958
17:39:45	25467	4429	6451	1274	223	5958
17:39:47	25467	4446	6448	1274	116	5958
17:39:48	25467	4421	6381	1274	242	5958
17:39:49	25467	4455	6441	1274	202	5958
17:39:50	25467	4437	6386	1269	224	5956
17:39:51	25467	4456	6390	1268	185	5956
17:39:53	25467	4468	6436	1268	162	5955
17:39:54	25467	4440	6434	1268	119	5953
17:39:55	25467	4478	6409	1268	122	5953
17:39:56	25467	4480	6491	1267	93	5953
17:39:58	25467	4470	6439	1267	111	5953
17:39:59	25467	4474	6403	1267	154	5953
17:40:00	25467	4473	6326	1260	119	5950
17:40:01	25467	4469	6455	1257	121	5949
17:40:03	25467	4466	6410	1256	197	5948
17:40:04	25467	4480	6427	1256	142	5948
17:40:05	25467	4472	6433	1256	178	5948
17:40:06	25467	4447	6416	1256	190	5948
17:40:07	25467	4466	6434	1256	127	5948
17:40:09	25467	4448	6438	1256	116	5948
17:40:10	25467	4423	6390	1256	121	5948
17:40:11	25467	4425	6438	1256	183	5948
17:40:12	25467	4462	6414	1255	111	5947
17:40:14	25467	4492	6436	1249	132	5917
17:40:15	25467	4456	6327	1207	191	5914
17:40:16	25467	4456	6319	1206	192	5914
17:40:17	25467	4457	6322	1202	194	5912
17:40:18	25467	4440	6082	1103	395	5871
17:40:20	25467	4693	6317	1053	146	5847
17:40:21	25467	3345	6581	2544	1072	6526
# 17:40:21 KILL: host compressor 6526 MiB >= 6144 MiB
24540 ./Limina-pregfx.app/Contents/MacOS/limina --disk /Volumes/ExternalSSD/limina-ab/ab-enh.raw --cpus 4 --ram-mib 4096 --net --ssh-port 2299 --window --displa
25467 /Volumes/ExternalSSD/limina-ab/Limina-pregfx.app/Contents/MacOS/limina-vmm --cpus 4 --ram-mib 4096 --firmware /Volumes/ExternalSSD/limina-ab/Limina-pregfx
