ts,phase,footprint_gib,begins,live,forgotten,sum_mib,max_mib
1790887613,idle,6.262,,,,,
1790887648,steady,7.759,138000,117,0,586.9,81.146
1790887678,steady,7.769,248000,117,0,591.6,81.146
1790887708,steady,7.758,404000,117,0,591.6,81.146
1790887739,steady,7.759,576000,117,0,591.6,81.146
1790887769,steady,7.759,748000,117,0,591.6,81.146
1790887799,steady,7.759,922000,117,0,591.6,81.146
1790887829,steady,7.764,1092000,117,0,591.6,81.146
1790887860,steady,7.765,1264000,117,0,591.6,81.146
1790887890,steady,7.775,1436000,117,0,591.6,81.146
1790887920,steady,7.775,1610000,117,0,591.6,81.146
1790887950,steady,7.946,1782000,117,0,617.8,81.146
1790887981,steady,7.948,1952000,117,0,617.8,81.146
1790888011,steady,7.842,2120000,117,0,617.8,81.146
1790888041,steady,7.839,2294000,117,0,617.8,81.146
1790888071,steady,7.839,2468000,117,0,617.8,81.146
1790888102,steady,7.841,2642000,117,0,617.8,81.146
1790888132,steady,7.906,2816000,117,0,657.6,81.146
1790888162,steady,7.909,2990000,117,0,658.6,81.146
1790888192,steady,7.909,3164000,117,0,658.6,81.146
1790888222,steady,7.912,3338000,117,0,658.6,81.146
1790888253,steady,7.910,3512000,117,0,658.6,81.146
1790888283,steady,7.911,3686000,117,0,659.7,81.146
1790888313,steady,7.911,3860000,117,0,659.7,81.146
1790888343,steady,7.916,4032000,117,0,660.8,81.146
1790888374,steady,7.916,4206000,117,0,660.8,81.146
1790888404,steady,7.913,4380000,117,0,661.2,81.146
1790888434,steady,7.917,4552000,117,0,661.2,81.146
1790888464,steady,7.919,4722000,117,0,662.2,81.146
1790888495,steady,7.915,4896000,117,0,662.2,81.146
1790888525,steady,7.918,5070000,117,0,663.3,81.146
1790888555,closed,7.870,5072000,117,0,663.3,81.146
1790888620,open1,8.108,5184000,117,0,812.8,81.146
1790888651,closed1,8.068,5184000,117,0,812.8,81.146
1790888715,open2,8.363,5296000,117,0,940.3,81.146
1790888746,closed2,8.321,5298000,117,0,940.3,81.146
1790888809,open3,8.388,5410000,117,0,1070.3,94.896
1790888840,closed3,8.344,5410000,117,0,1070.3,94.896
1790888903,open4,8.521,5522000,117,0,1201.4,94.896
1790888933,closed4,8.475,5522000,117,0,1201.4,94.896
1790888998,open5,8.623,5636000,117,0,1304.4,94.896
1790889028,closed5,8.576,5636000,117,0,1304.4,94.896
1790889092,open6,8.673,5748000,117,0,1353.4,94.896
1790889122,closed6,8.623,5748000,117,0,1353.4,94.896
1790889186,open7,8.758,5860000,117,0,1443.8,94.896
1790889216,closed7,8.714,5860000,117,0,1443.8,94.896
1790889280,open8,8.804,5974000,117,0,1492.0,94.896
1790889310,closed8,8.760,5974000,117,0,1492.0,94.896
