# compressor at start: 578 MiB; kill at +2048 MiB
time	worker_pid	rss_mib	footprint_mib	worker_compressed_mib	free_mib	compressor_mib
# 20:35:17 watching supervisor 49762
20:35:18	49780	183	171	0	6687	578
20:35:19	49780	648	710	0	6061	578
20:35:21	49780	795	793	0	6003	578
20:35:22	49780	838	820	0	5974	578
20:35:23	49780	892	877	0	5866	578
20:35:24	49780	1071	1074	0	5703	578
20:35:25	49780	1369	1402	0	5316	578
20:35:27	49780	1536	1518	0	5184	578
20:35:28	49780	1826	1871	0	4790	578
20:35:29	49780	2286	2426	0	4172	578
20:35:30	49780	3189	3455	0	2993	578
20:35:31	49780	3725	4044	0	2494	578
20:35:33	49780	4032	4359	0	2161	578
20:35:34	49780	4099	4391	0	2098	578
20:35:35	49780	4105	4397	0	2090	578
20:35:36	49780	4113	4405	0	2075	578
20:35:38	49780	4113	4405	0	2076	578
20:35:39	49780	4113	4405	0	2077	578
20:35:40	49780	4113	4405	0	2105	578
20:35:41	49780	4113	4405	0	2105	578
20:35:42	49780	4113	4405	0	2109	578
20:35:44	49780	4113	4405	0	2108	578
20:35:45	49780	4113	4405	0	2109	578
20:35:46	49780	4113	4405	0	2107	578
20:35:47	49780	4113	4405	0	2110	578
20:35:49	49780	4113	4405	0	2108	578
20:35:50	49780	4113	4405	0	2109	578
20:35:51	49780	4113	4405	0	2108	578
20:35:52	49780	4113	4405	0	2108	578
20:35:53	49780	4113	4405	0	2106	578
20:35:55	49780	4113	4405	0	2107	578
20:35:56	49780	4113	4405	0	2108	578
20:35:57	49780	4113	4405	0	2107	578
20:35:58	49780	4113	4405	0	2109	578
20:36:00	49780	4113	4405	0	2106	578
20:36:01	49780	4125	4417	0	2091	578
20:36:02	50686	222	199	0	5504	578
20:36:03	50686	768	747	0	4972	578
20:36:04	50686	820	798	0	4917	578
20:36:06	50686	840	819	0	4908	578
20:36:07	50686	1061	1040	0	4723	578
20:36:08	50686	1491	1472	0	4455	578
20:36:09	50686	1998	2016	0	4018	578
20:36:10	50686	2774	2878	0	3228	578
20:36:12	50686	3615	4004	0	2189	578
20:36:13	50686	4140	4463	0	1866	578
20:36:14	50686	4147	4473	0	1861	578
20:36:15	50686	4147	4469	0	1862	578
20:36:17	50686	4147	4469	0	1861	578
20:36:18	50686	4147	4469	0	1859	578
20:36:19	50686	4147	4469	0	1858	578
20:36:20	50686	4147	4469	0	1857	578
20:36:21	50686	4148	4470	0	1884	578
20:36:23	50686	4148	4470	0	1884	578
20:36:24	50686	4148	4470	0	1886	578
20:36:25	50686	4148	4470	0	1889	578
20:36:26	50686	4148	4470	0	1889	578
20:36:27	50686	4148	4470	0	1891	578
20:36:29	50686	4148	4470	0	1892	578
20:36:30	50686	4148	4470	0	1893	578
20:36:31	50686	4148	4470	0	1891	578
20:36:32	50686	4148	4470	0	1891	578
20:36:34	50686	4148	4470	0	1891	578
20:36:35	50686	4148	4470	0	1890	578
20:36:36	50686	4148	4470	0	1891	578
20:36:37	50686	4152	4474	0	1887	578
20:36:38	50686	4152	4474	0	1888	578
20:36:40	50686	4153	4475	0	1889	578
20:36:41	50686	4153	4475	0	1890	578
20:36:42	50686	4160	4482	0	1876	578
20:36:43	50686	4160	4482	0	1876	578
20:36:45	50686	4160	4482	0	1876	578
20:36:46	50686	4160	4482	0	1877	578
20:36:47	50686	4160	4482	0	1878	578
20:36:48	50686	4160	4482	0	1878	578
20:36:50	50686	4160	4482	0	1876	578
20:36:51	50686	4160	4482	0	1876	578
20:36:52	50686	4160	4482	0	1877	578
20:36:53	50686	4160	4482	0	1878	578
20:36:54	50686	4160	4482	0	1877	578
20:36:56	50686	4160	4482	0	1878	578
20:36:57	50686	4160	4482	0	1878	578
20:36:58	50686	4160	4482	0	1877	578
20:36:59	50686	4160	4482	0	1877	578
20:37:01	50686	4160	4483	0	1845	578
20:37:02	50686	4160	4482	0	1846	578
20:37:03	50686	4160	4482	0	1845	578
20:37:04	50686	4160	4482	0	1846	578
20:37:05	50686	4160	4482	0	1851	578
20:37:07	50686	4160	4482	0	1851	578
20:37:08	50686	4160	4482	0	1878	578
20:37:09	50686	4161	4483	0	1877	578
20:37:10	50686	4164	4485	0	1877	578
20:37:12	50686	4164	4486	0	1879	578
20:37:13	50686	4172	4494	0	1866	578
20:37:14	50686	4191	4513	0	1840	578
20:37:15	50686	4196	4518	0	1827	578
20:37:16	50686	4206	4533	0	1809	578
20:37:18	50686	4266	4588	0	1757	578
20:37:19	50686	4267	4589	0	1755	578
20:37:20	50686	4267	4589	0	1754	578
20:37:21	50686	4267	4589	0	1754	578
20:37:23	50686	4395	4717	0	1625	578
20:37:24	50686	4395	4717	0	1621	578
20:37:25	50686	4395	4717	0	1621	578
20:37:26	50686	4395	4717	0	1619	578
20:37:27	50686	4395	4717	0	1620	578
20:37:29	50686	4395	4717	0	1619	578
20:37:30	50686	4395	4717	0	1621	578
20:37:31	50686	4395	4717	0	1621	578
20:37:32	50686	4427	4749	0	1587	578
20:37:34	50686	4427	4749	0	1587	578
20:37:35	50686	4427	4749	0	1589	578
20:37:36	50686	4427	4749	0	1600	578
20:37:37	50686	4427	4749	0	1602	578
20:37:39	50686	4427	4749	0	1603	578
20:37:40	50686	4427	4749	0	1601	578
20:37:41	50686	4429	4752	0	1597	578
20:37:42	50686	4429	4752	0	1599	578
20:37:43	50686	4431	4753	0	1598	578
20:37:45	50686	4431	4753	0	1596	578
20:37:46	50686	4431	4753	0	1597	578
20:37:47	50686	4431	4753	0	1598	578
20:37:48	50686	4431	4753	0	1597	578
20:37:50	50686	4431	4753	0	1596	578
20:37:51	50686	4431	4753	0	1597	578
20:37:52	50686	4431	4753	0	1598	578
20:37:53	50686	4431	4753	0	1648	578
20:37:54	50686	4431	4753	0	1650	578
20:37:56	50686	4431	4753	0	1648	578
20:37:57	50686	4431	4753	0	1649	578
20:37:58	50686	4431	4753	0	1648	578
20:37:59	50686	4431	4753	0	1649	578
20:38:01	50686	4431	4754	0	1566	578
20:38:02	50686	4431	4753	0	1566	578
20:38:03	50686	4431	4753	0	1566	578
20:38:04	50686	4431	4753	0	1565	578
20:38:05	50686	4431	4753	0	1565	578
20:38:07	50686	4431	4753	0	1564	578
20:38:08	50686	4431	4753	0	1574	578
20:38:09	50686	4431	4753	0	1574	578
20:38:10	50686	4431	4753	0	1574	578
20:38:12	50686	4431	4754	0	1574	578
20:38:13	50686	4431	4754	0	1575	578
20:38:14	50686	4431	4754	0	1574	578
20:38:15	50686	4431	4754	0	1571	578
20:38:17	50686	4431	4754	0	1571	578
20:38:18	50686	4431	4754	0	1572	578
20:38:19	50686	4431	4754	0	1570	578
20:38:20	50686	4431	4754	0	1570	578
20:38:21	50686	4431	4754	0	1573	578
20:38:23	50686	4431	4754	0	1572	578
20:38:24	50686	4431	4754	0	1562	578
20:38:25	50686	4431	4754	0	1561	578
20:38:26	50686	4431	4754	0	1562	578
20:38:28	50686	4431	4754	0	1562	578
20:38:29	50686	4431	4754	0	1562	578
20:38:30	50686	4431	4754	0	1561	578
20:38:31	50686	4431	4754	0	1562	578
20:38:32	50686	4431	4754	0	1559	578
20:38:34	50686	4431	4754	0	1561	578
20:38:35	50686	4431	4754	0	1560	578
20:38:36	50686	4431	4754	0	1562	578
20:38:37	50686	4431	4754	0	1561	578
20:38:39	50686	4431	4754	0	1560	578
20:38:40	50686	4431	4754	0	1561	578
20:38:41	50686	4431	4754	0	1560	578
20:38:42	50686	4431	4754	0	1560	578
20:38:44	50686	4431	4754	0	1568	578
20:38:45	50686	4431	4754	0	1566	578
20:38:46	50686	4431	4754	0	1566	578
20:38:47	50686	4431	4754	0	1567	578
20:38:48	50686	4431	4754	0	1566	578
20:38:50	50686	4431	4754	0	1566	578
20:38:51	50686	4431	4754	0	1567	578
20:38:52	50686	4431	4754	0	1565	578
20:38:53	50686	4431	4754	0	1637	578
20:38:55	50686	4431	4754	0	1640	578
20:38:56	50686	4431	4754	0	1639	578
20:38:57	50686	4431	4754	0	1640	578
20:38:58	50686	4431	4754	0	1638	578
20:38:59	50686	4431	4754	0	1640	578
20:39:01	50686	4432	4756	0	1554	578
20:39:02	50686	4432	4755	0	1550	578
20:39:03	50686	4432	4755	0	1548	578
20:39:04	50686	4432	4755	0	1539	578
20:39:06	50686	4432	4755	0	1543	578
20:39:07	50686	4432	4755	0	1543	578
20:39:08	50686	4432	4755	0	1570	578
20:39:09	50686	4432	4755	0	1570	578
20:39:10	50686	4432	4755	0	1573	578
20:39:12	50686	4432	4755	0	1574	578
20:39:13	50686	4432	4755	0	1574	578
20:39:14	50686	4432	4755	0	1574	578
20:39:15	50686	4432	4755	0	1574	578
20:39:17	50686	4432	4755	0	1573	578
20:39:18	50686	4432	4755	0	1573	578
20:39:19	50686	4432	4755	0	1573	578
20:39:20	50686	4432	4755	0	1574	578
20:39:22	50686	4432	4755	0	1572	578
20:39:23	50686	4432	4755	0	1573	578
20:39:24	50686	4432	4755	0	1572	578
20:39:25	50686	4432	4755	0	1574	578
20:39:26	50686	4432	4755	0	1573	578
20:39:28	50686	4432	4755	0	1573	578
20:39:29	50686	4432	4755	0	1575	578
20:39:30	50686	4432	4755	0	1574	578
20:39:31	50686	4432	4755	0	1573	578
20:39:33	50686	4432	4769	0	1542	578
20:39:34	50686	4620	5080	0	1142	578
20:39:35	50686	5055	5776	0	462	578
20:39:36	50686	5423	6154	0	81	578
20:39:38	50686	5498	6218	0	108	578
20:39:39	50686	5555	6265	0	58	578
20:39:40	50686	5586	6293	0	60	578
20:39:41	50686	5605	6302	0	64	578
20:39:43	50686	5613	6311	0	62	578
20:39:44	50686	5614	6315	0	61	578
20:39:45	50686	5614	6309	0	53	578
20:39:46	50686	5659	6356	0	64	578
20:39:48	50686	5660	6357	0	65	578
20:39:49	50686	5663	6362	0	61	578
20:39:50	50686	5664	6363	0	61	578
20:39:51	50686	5664	6364	0	68	578
20:39:53	50686	5665	6366	0	67	578
20:39:54	50686	5661	6350	0	82	578
20:39:55	50686	5662	6354	0	79	578
20:39:56	50686	5696	6395	0	66	578
20:39:58	50686	5697	6376	0	88	578
20:39:59	50686	5691	6385	0	80	578
20:40:00	50686	5686	6370	0	91	578
20:40:01	50686	5689	6381	0	80	578
20:40:03	50686	5690	6384	0	75	578
20:40:04	50686	5690	6372	0	91	578
20:40:05	50686	5697	6390	0	77	578
20:40:06	50686	5698	6392	0	74	578
20:40:08	50686	5696	6385	0	86	578
20:40:09	50686	5696	6387	0	68	578
20:40:10	50686	5698	6350	0	110	578
20:40:11	50686	5698	6340	0	109	578
20:40:13	50686	5698	6340	0	117	578
20:40:14	50686	5678	6131	0	338	578
20:40:15	50686	5796	6506	0	118	578
20:40:16	50686	5799	6510	0	185	578
20:40:18	50686	5788	6448	0	176	578
20:40:19	50686	5768	6428	0	198	578
20:40:20	50686	5770	6429	0	200	578
20:40:21	50686	5768	6424	0	206	578
20:40:23	50686	5769	6426	0	206	578
20:40:24	50686	5771	6431	0	180	578
20:40:25	50686	5772	6425	0	187	578
20:40:26	50686	5772	6433	0	181	578
20:40:28	50686	5772	6433	0	178	578
20:40:29	50686	5771	6430	0	184	578
20:40:30	50686	5772	6430	0	184	578
20:40:31	50686	5770	6425	0	184	578
20:40:33	50686	5771	6427	0	184	578
20:40:34	50686	5771	6428	0	183	578
20:40:35	50686	5772	6431	0	180	578
20:40:36	50686	5770	6425	0	194	578
20:40:38	50686	5770	6428	0	183	578
20:40:39	50686	5771	6430	0	182	578
20:40:40	50686	5773	6435	0	175	578
20:40:41	50686	5774	6438	0	173	578
20:40:43	50686	5774	6438	0	184	578
20:40:44	50686	5771	6428	0	183	578
20:40:45	50686	5773	6436	0	173	578
20:40:46	50686	5774	6439	0	197	578
20:40:48	50686	5768	6423	0	187	578
20:40:49	50686	5769	6425	0	186	578
20:40:50	50686	5772	6439	0	164	578
20:40:51	50686	5774	6386	0	217	578
20:40:53	50686	5774	6375	0	218	578
20:40:54	50686	5774	6375	0	219	578
20:40:55	50686	5769	6270	0	338	578
20:40:56	50686	5829	6568	0	67	578
20:40:58	50686	5890	6679	0	90	578
20:40:59	50686	5866	6618	0	140	578
20:41:00	50686	5860	6605	0	139	578
20:41:01	50686	5861	6605	0	138	578
20:41:03	50686	5862	6606	0	138	578
20:41:04	50686	5864	6613	0	132	578
20:41:05	50686	5864	6614	0	146	578
20:41:06	50686	5861	6596	0	164	578
20:41:08	50686	5859	6599	0	168	578
20:41:09	50686	5860	6602	0	166	578
20:41:10	50686	5853	6582	0	183	578
20:41:11	50686	5854	6583	0	184	578
20:41:13	50686	5857	6593	0	176	578
20:41:14	50686	5857	6594	0	174	578
20:41:15	50686	5855	6587	0	183	578
20:41:16	50686	5856	6591	0	178	578
20:41:18	50686	5856	6591	0	179	578
20:41:19	50686	5858	6599	0	169	578
20:41:20	50686	5859	6590	0	178	578
20:41:21	50686	5857	6591	0	175	578
20:41:23	50686	5860	6602	0	165	578
20:41:24	50686	5860	6604	0	158	578
20:41:25	50686	5852	6579	0	181	578
20:41:26	50686	5854	6583	0	179	578
20:41:28	50686	5856	6589	0	170	578
20:41:29	50686	5857	6589	0	171	578
20:41:30	50686	5857	6589	0	173	578
20:41:32	50686	5855	6582	0	176	578
20:41:33	50686	5858	6547	0	202	578
20:41:34	50686	5857	6536	0	201	578
20:41:35	50686	5857	6536	0	200	578
20:41:36	50686	5796	6251	0	500	578
20:41:38	50686	5856	6499	0	272	578
20:41:39	50686	5849	6471	0	304	578
20:41:40	50686	5877	6578	0	141	578
20:41:41	50686	5923	6683	0	88	578
20:41:43	50686	5905	6645	0	128	578
20:41:44	50686	5900	6644	0	129	578
20:41:45	50686	5897	6629	0	142	578
20:41:46	50686	5897	6629	0	161	578
20:41:48	50686	5895	6621	0	177	578
20:41:49	50686	5892	6601	0	188	578
20:41:50	50686	5889	6604	0	183	578
20:41:52	50686	5892	6615	0	177	578
20:41:53	50686	5893	6609	0	183	578
20:41:54	50686	5892	6613	0	178	578
20:41:55	50686	5892	6600	0	189	578
20:41:57	50686	5888	6594	0	194	578
20:41:58	50686	5888	6604	0	184	578
20:41:59	50686	5888	6606	0	183	578
20:42:00	50686	5891	6611	0	176	578
20:42:02	50686	5896	6625	0	156	578
20:42:03	50686	5897	6617	0	165	578
20:42:04	50686	5891	6609	0	174	578
20:42:05	50686	5888	6597	0	191	578
20:42:06	50686	5891	6606	0	180	578
20:42:08	50686	5893	6613	0	175	578
20:42:09	50686	5895	6620	0	168	578
20:42:10	50686	5896	6624	0	149	577
20:42:11	50686	5894	6618	0	151	577
20:42:13	50686	5897	6622	0	150	577
20:42:14	50686	5893	6610	0	161	577
20:42:15	50686	5893	6604	0	168	577
20:42:16	50686	5891	6604	0	167	577
20:42:18	50686	5891	6605	0	167	577
20:42:19	50686	5894	6610	0	156	577
20:42:20	50686	5894	6613	0	155	577
20:42:22	50686	5895	6615	0	146	577
20:42:23	50686	5896	6621	0	149	577
20:42:24	50686	5896	6621	0	141	577
20:42:25	50686	5896	6621	0	140	577
20:42:27	50686	5895	6614	0	95	577
20:42:28	50686	5896	6617	0	109	577
20:42:29	50686	5897	6619	0	106	577
20:42:30	50686	5899	6622	0	97	577
20:42:31	50686	5844	6476	0	196	577
20:42:33	50686	5844	6465	0	226	577
20:42:34	50686	5844	6465	0	225	577
20:42:36	50686	5844	6465	0	227	577
20:42:37	50686	5844	6465	0	227	577
20:42:38	50686	5844	6465	0	271	577
# 20:42:39 supervisor 49762 gone
