# compressor at start: 555 MiB; kill at +2048 MiB
time	worker_pid	rss_mib	footprint_mib	worker_compressed_mib	free_mib	compressor_mib
18:51:07	1213	66	31	0	7136	550
18:51:08	1213	145	121	0	6967	550
18:51:09	1213	525	585	0	6411	550
18:51:10	1213	789	772	0	6254	550
18:51:11	1213	825	812	0	6218	550
18:51:13	1213	868	870	0	6148	550
18:51:14	1213	1057	1050	0	5953	550
18:51:15	1213	1120	1103	0	5878	549
18:51:16	1213	1487	1478	0	5438	547
18:51:18	1213	1510	1493	0	5404	547
18:51:19	1213	1934	1958	0	4916	547
18:51:20	1213	2524	2523	0	4250	547
18:51:21	1213	3334	3608	0	3203	547
18:51:23	1213	3686	4100	0	2674	547
18:51:24	1213	3974	4358	0	2403	547
18:51:25	1213	4026	4405	0	2334	547
18:51:26	1213	4032	4331	0	2410	547
18:51:28	1213	4039	4338	0	2394	547
18:51:29	1213	4039	4338	0	2396	547
18:51:30	1213	4039	4338	0	2403	547
18:51:31	1213	4040	4338	0	2400	547
18:51:33	1213	4040	4338	0	2406	547
18:51:34	1213	4040	4338	0	2418	547
18:51:35	1213	4040	4338	0	2419	547
18:51:36	1213	4040	4338	0	2420	547
18:51:37	1213	4040	4338	0	2420	547
18:51:39	1213	4040	4338	0	2419	547
18:51:40	1213	4040	4338	0	2417	547
18:51:41	1213	4040	4338	0	2418	547
18:51:42	1213	4040	4338	0	2416	547
18:51:44	1213	4040	4338	0	2418	547
18:51:45	1213	4040	4338	0	2417	547
18:51:46	1213	4040	4338	0	2417	547
18:51:47	1213	4040	4338	0	2419	547
18:51:48	1213	4040	4338	0	2419	547
18:51:50	1213	4040	4338	0	2427	547
18:51:51	1213	4040	4338	0	2440	547
18:51:52	3726	51	27	0	5946	547
18:51:53	3726	422	392	0	5583	547
18:51:55	3726	768	754	0	5264	547
18:51:56	3726	826	810	0	5212	547
18:51:57	3726	907	935	0	5123	547
18:51:58	3726	1104	1085	0	5006	547
18:51:59	3726	1200	1402	0	4751	547
18:52:01	3726	1711	1866	0	4435	547
18:52:02	3726	2590	2680	0	3727	547
18:52:03	3726	3407	3887	0	2642	547
18:52:04	3726	3970	4305	0	2340	547
18:52:05	3726	4116	4431	0	2236	547
18:52:07	3726	4117	4428	0	2235	547
18:52:08	3726	4117	4428	0	2235	547
18:52:09	3726	4117	4428	0	2237	547
18:52:10	3726	4117	4428	0	2236	547
18:52:11	3726	4117	4428	0	2237	547
18:52:13	3726	4149	4461	0	2218	547
18:52:14	3726	4150	4461	0	2220	547
18:52:15	3726	4150	4461	0	2218	547
18:52:16	3726	4150	4461	0	2224	547
18:52:18	3726	4150	4461	0	2223	547
18:52:19	3726	4150	4461	0	2224	547
18:52:20	3726	4150	4462	0	2223	547
18:52:21	3726	4150	4462	0	2222	547
18:52:22	3726	4150	4462	0	2222	547
18:52:24	3726	4150	4462	0	2220	547
18:52:25	3726	4150	4462	0	2220	547
18:52:26	3726	4150	4462	0	2222	547
18:52:27	3726	4150	4462	0	2222	547
18:52:29	3726	4150	4462	0	2219	547
18:52:30	3726	4150	4462	0	2223	547
18:52:31	3726	4150	4462	0	2220	547
18:52:32	3726	4150	4462	0	2221	547
18:52:33	3726	4156	4469	0	2209	547
18:52:35	3726	4157	4469	0	2214	547
18:52:36	3726	4160	4472	0	2207	547
18:52:37	3726	4160	4472	0	2214	547
18:52:38	3726	4160	4472	0	2213	547
18:52:39	3726	4160	4472	0	2213	547
18:52:41	3726	4160	4472	0	2213	547
18:52:42	3726	4160	4472	0	2213	547
18:52:43	3726	4160	4472	0	2212	547
18:52:44	3726	4160	4472	0	2214	547
18:52:46	3726	4160	4472	0	2210	547
18:52:47	3726	4160	4472	0	2210	547
18:52:48	3726	4160	4472	0	2212	547
18:52:49	3726	4160	4472	0	2212	547
18:52:50	3726	4160	4472	0	2211	547
18:52:52	3726	4160	4472	0	2204	547
18:52:53	3726	4160	4472	0	2205	547
18:52:54	3726	4160	4472	0	2233	547
18:52:55	3726	4160	4472	0	2233	547
18:52:57	3726	4160	4472	0	2230	547
18:52:58	3726	4160	4472	0	2228	547
18:52:59	3726	4160	4472	0	2227	547
18:53:00	3726	4161	4478	0	2182	547
18:53:01	3726	4161	4477	0	2181	547
18:53:03	3726	4161	4477	0	2181	547
18:53:04	3726	4161	4477	0	2191	547
18:53:05	3726	4170	4486	0	2179	547
18:53:06	3726	4187	4503	0	2149	547
18:53:07	3726	4190	4506	0	2152	547
18:53:09	3726	4197	4538	0	2112	547
18:53:10	3726	4366	4682	0	1980	547
18:53:11	3726	4366	4682	0	1981	547
18:53:12	3726	4366	4682	0	1984	547
18:53:14	3726	4526	4843	0	1824	547
18:53:15	3726	4526	4843	0	1825	547
18:53:16	3726	4526	4843	0	1825	547
18:53:17	3726	4526	4843	0	1824	547
18:53:18	3726	4526	4843	0	1826	547
18:53:20	3726	4526	4843	0	1823	547
18:53:21	3726	4526	4843	0	1790	547
18:53:22	3726	4526	4843	0	1791	547
18:53:23	3726	4526	4843	0	1800	547
18:53:25	3726	4526	4843	0	1801	547
18:53:26	3726	4526	4843	0	1800	547
18:53:27	3726	4526	4843	0	1801	547
18:53:28	3726	4526	4843	0	1801	547
18:53:29	3726	4526	4843	0	1801	547
18:53:31	3726	4526	4843	0	1802	547
18:53:32	3726	4526	4843	0	1801	547
18:53:33	3726	4526	4843	0	1802	547
18:53:34	3726	4526	4843	0	1814	547
18:53:36	3726	4528	4844	0	1814	547
18:53:37	3726	4528	4844	0	1813	547
18:53:38	3726	4528	4844	0	1812	547
18:53:39	3726	4529	4845	0	1811	547
18:53:40	3726	4529	4845	0	1810	547
18:53:42	3726	4529	4845	0	1811	547
18:53:43	3726	4529	4845	0	1812	547
18:53:44	3726	4529	4845	0	1811	547
18:53:45	3726	4529	4845	0	1810	547
18:53:46	3726	4529	4845	0	1812	547
18:53:48	3726	4529	4845	0	1812	547
18:53:49	3726	4529	4845	0	1839	547
18:53:50	3726	4529	4845	0	1839	547
18:53:51	3726	4529	4845	0	1840	547
18:53:53	3726	4529	4845	0	1840	547
18:53:54	3726	4529	4845	0	1839	547
18:53:55	3726	4529	4845	0	1839	547
18:53:56	3726	4529	4845	0	1841	547
18:53:57	3726	4529	4845	0	1839	547
18:53:59	3726	4529	4845	0	1839	547
18:54:00	3726	4530	4857	0	1785	547
18:54:01	3726	4530	4856	0	1785	547
18:54:02	3726	4530	4856	0	1785	547
18:54:04	3726	4530	4856	0	1785	547
18:54:05	3726	4530	4856	0	1786	547
18:54:06	3726	4530	4856	0	1784	547
18:54:07	3726	4530	4856	0	1787	547
18:54:08	3726	4530	4856	0	1797	547
18:54:10	3726	4530	4856	0	1798	547
18:54:11	3726	4530	4856	0	1796	547
18:54:12	3726	4530	4856	0	1794	547
18:54:13	3726	4530	4856	0	1793	547
18:54:15	3726	4530	4856	0	1791	547
18:54:16	3726	4530	4856	0	1791	547
18:54:17	3726	4530	4856	0	1791	547
18:54:18	3726	4530	4856	0	1792	547
18:54:19	3726	4531	4856	0	1792	547
18:54:21	3726	4531	4856	0	1794	547
18:54:22	3726	4531	4856	0	1779	547
18:54:23	3726	4531	4856	0	1778	547
18:54:24	3726	4531	4856	0	1779	547
18:54:25	3726	4531	4856	0	1778	547
18:54:27	3726	4531	4856	0	1780	547
18:54:28	3726	4531	4856	0	1779	547
18:54:29	3726	4531	4856	0	1780	547
18:54:30	3726	4531	4856	0	1779	547
18:54:32	3726	4531	4856	0	1781	547
18:54:33	3726	4531	4856	0	1780	547
18:54:34	3726	4531	4856	0	1781	547
18:54:35	3726	4531	4856	0	1781	547
18:54:36	3726	4531	4856	0	1781	547
18:54:38	3726	4531	4856	0	1781	547
18:54:39	3726	4531	4856	0	1779	547
18:54:40	3726	4531	4856	0	1775	547
18:54:41	3726	4531	4856	0	1777	547
18:54:43	3726	4531	4856	0	1783	547
18:54:44	3726	4531	4856	0	1783	547
18:54:45	3726	4531	4856	0	1783	547
18:54:46	3726	4531	4856	0	1782	547
18:54:47	3726	4531	4856	0	1783	547
18:54:49	3726	4531	4856	0	1810	547
18:54:50	3726	4531	4856	0	1812	547
18:54:51	3726	4531	4856	0	1813	547
18:54:52	3726	4531	4856	0	1811	546
18:54:54	3726	4531	4856	0	1809	546
18:54:55	3726	4531	4856	0	1810	546
18:54:56	3726	4531	4856	0	1808	546
18:54:57	3726	4531	4856	0	1810	546
18:54:58	3726	4531	4856	0	1810	546
18:55:00	3726	4532	4868	0	1756	546
18:55:01	3726	4532	4867	0	1748	546
18:55:02	3726	4532	4867	0	1750	546
18:55:03	3726	4532	4867	0	1750	546
18:55:04	3726	4532	4867	0	1760	546
18:55:06	3726	4532	4867	0	1760	546
18:55:07	3726	4532	4867	0	1775	546
18:55:08	3726	4532	4867	0	1776	546
18:55:09	3726	4532	4867	0	1776	546
18:55:11	3726	4532	4867	0	1777	546
18:55:12	3726	4532	4867	0	1776	546
18:55:13	3726	4532	4867	0	1778	546
18:55:14	3726	4532	4867	0	1778	546
18:55:15	3726	4532	4867	0	1778	546
18:55:17	3726	4532	4867	0	1778	546
18:55:18	3726	4532	4867	0	1778	546
18:55:19	3726	4532	4867	0	1777	546
18:55:20	3726	4532	4867	0	1777	546
18:55:22	3726	4532	4868	0	1777	546
18:55:23	3726	4532	4868	0	1777	546
18:55:24	3726	4532	4868	0	1777	546
18:55:25	3726	4627	4965	0	1635	546
18:55:26	3726	4764	5161	0	1421	546
18:55:28	3726	4791	5204	0	1357	546
18:55:29	3726	5018	5511	0	1045	546
18:55:30	3726	5291	5838	0	626	546
18:55:31	3726	5588	6448	0	731	547
18:55:32	3726	5616	6531	0	651	547
18:55:34	3726	5637	6570	0	520	547
18:55:35	3726	5711	6636	0	351	547
18:55:36	3726	5702	6630	0	334	547
18:55:37	3726	5742	6687	0	280	547
18:55:39	3726	5748	6694	0	276	547
18:55:40	3726	5748	6684	0	280	547
18:55:41	3726	5745	6684	0	282	547
18:55:42	3726	5752	6696	0	274	547
18:55:43	3726	5757	6711	0	276	547
18:55:45	3726	5758	6712	0	266	547
18:55:46	3726	5754	6701	0	269	547
18:55:47	3726	5783	6736	0	228	547
18:55:48	3726	5786	6728	0	238	547
18:55:50	3726	5783	6712	0	253	547
18:55:51	3726	5784	6720	0	246	547
18:55:52	3726	5791	6739	0	227	547
18:55:53	3726	5787	6726	0	231	547
18:55:55	3726	5788	6737	0	220	547
18:55:56	3726	5783	6712	0	246	547
18:55:57	3726	5787	6722	0	232	547
18:55:58	3726	5785	6717	0	242	547
18:55:59	3726	5794	6736	0	224	547
18:56:01	3726	5794	6734	0	216	547
18:56:02	3726	5791	6727	0	224	547
18:56:03	3726	5788	6719	0	226	547
18:56:04	3726	5790	6719	0	228	547
18:56:06	3726	5794	6717	0	237	547
18:56:07	3726	5794	6734	0	220	547
18:56:08	3726	5792	6726	0	229	547
18:56:09	3726	5797	6741	0	223	547
18:56:10	3726	5800	6755	0	195	547
18:56:12	3726	5791	6719	0	241	547
18:56:13	3726	5799	6724	0	233	547
18:56:14	3726	5722	6579	0	324	547
18:56:15	3726	5722	6571	0	324	547
18:56:17	3726	5663	6307	0	646	547
18:56:18	3726	5679	6233	0	672	547
18:56:19	3726	5815	6592	0	536	547
18:56:20	3726	5823	6624	0	510	547
18:56:22	3726	5826	6629	0	486	547
18:56:23	3726	5830	6654	0	463	547
18:56:24	3726	5833	6651	0	462	547
18:56:25	3726	5842	6672	0	447	547
18:56:26	3726	5841	6671	0	448	547
18:56:28	3726	5847	6674	0	444	547
18:56:29	3726	5839	6665	0	473	547
18:56:30	3726	5842	6667	0	451	547
18:56:31	3726	5836	6637	0	496	547
18:56:33	3726	5836	6662	0	461	547
18:56:34	3726	5838	6669	0	454	547
18:56:35	3726	5838	6641	0	479	547
18:56:36	3726	5838	6664	0	461	547
18:56:38	3726	5842	6662	0	466	547
18:56:39	3726	5843	6673	0	451	547
18:56:40	3726	5836	6650	0	472	547
18:56:41	3726	5839	6641	0	483	547
18:56:42	3726	5841	6659	0	464	547
18:56:44	3726	5844	6672	0	464	547
18:56:45	3726	5841	6671	0	450	547
18:56:46	3726	5847	6671	0	453	547
18:56:47	3726	5844	6674	0	455	547
18:56:49	3726	5844	6668	0	462	547
18:56:50	3726	5841	6673	0	456	547
18:56:51	3726	5847	6688	0	445	547
18:56:52	3726	5846	6681	0	449	547
18:56:54	3726	5843	6674	0	458	547
18:56:55	3726	5845	6673	0	454	547
18:56:56	3726	5854	6664	0	465	547
18:56:57	3726	5854	6656	0	463	547
18:56:58	3726	5793	6185	0	960	547
18:57:00	3726	5864	6578	0	554	547
18:57:01	3726	5934	6755	0	789	563
18:57:02	3726	5961	6916	0	622	563
18:57:03	3726	6054	7113	0	459	563
18:57:05	3726	6055	7112	0	459	563
18:57:06	3726	6028	6976	0	597	563
18:57:07	3726	6022	6975	0	609	563
18:57:08	3726	6027	6976	0	595	563
18:57:10	3726	6031	6985	0	585	563
18:57:11	3726	6029	6986	0	587	563
18:57:12	3726	6024	6981	0	590	563
18:57:13	3726	6026	6976	0	599	563
18:57:14	3726	6032	6998	0	568	563
18:57:16	3726	6027	6972	0	529	563
18:57:17	3726	6027	6980	0	515	563
18:57:18	3726	6032	6992	0	465	563
18:57:19	3726	6029	6984	0	392	563
18:57:21	3726	6024	6975	0	398	563
18:57:22	3726	6023	6971	0	394	563
18:57:23	3726	6031	6983	0	378	563
18:57:24	3726	6027	6977	0	386	563
18:57:26	3726	6026	6980	0	385	563
18:57:27	3726	6031	6995	0	368	563
18:57:28	3726	6030	6994	0	370	563
18:57:29	3726	6031	6989	0	373	563
18:57:30	3726	6028	6970	0	391	563
18:57:32	3726	6033	6994	0	366	563
18:57:33	3726	6034	7005	0	354	563
18:57:34	3726	6033	6995	0	364	563
18:57:35	3726	6033	6991	0	355	563
18:57:37	3726	6036	6985	0	367	563
18:57:38	3726	6037	6976	0	368	563
18:57:39	3726	6037	6976	0	417	563
18:57:40	3726	5946	6513	0	1066	563
18:57:42	3726	6015	6761	0	660	563
18:57:43	3726	6000	6789	0	612	563
18:57:44	3726	5996	6779	0	627	563
18:57:45	3726	6029	7262	0	548	563
18:57:46	3726	6036	6948	0	407	563
18:57:48	3726	6070	7102	0	253	563
18:57:49	3726	6080	7121	0	233	563
18:57:50	3726	6066	7055	0	302	563
18:57:51	3726	6065	7058	0	317	563
18:57:53	3726	6073	7077	0	293	563
18:57:54	3726	6072	7072	0	303	563
18:57:55	3726	6073	7068	0	306	563
18:57:56	3726	6070	7058	0	321	563
18:57:58	3726	6064	7037	0	339	563
18:57:59	3726	6071	7056	0	321	563
18:58:00	3726	6069	7057	0	318	563
18:58:01	3726	6068	7061	0	331	563
18:58:03	3726	6065	7048	0	326	563
18:58:04	3726	6070	7056	0	327	563
18:58:05	3726	6070	7059	0	324	563
18:58:06	3726	6075	7072	0	310	563
18:58:07	3726	6071	7052	0	330	563
18:58:09	3726	6074	7069	0	308	563
18:58:10	3726	6074	7069	0	308	563
18:58:11	3726	6069	7039	0	336	563
18:58:12	3726	6075	7081	0	302	563
18:58:14	3726	6068	7048	0	334	563
18:58:15	3726	6073	7071	0	306	563
18:58:16	3726	6074	7074	0	305	563
18:58:17	3726	6074	7076	0	306	563
18:58:19	3726	6072	7066	0	318	563
18:58:20	3726	6072	7064	0	312	563
18:58:21	3726	6074	7048	0	336	563
18:58:22	3726	6074	7074	0	298	563
18:58:23	3726	6081	7094	0	268	563
18:58:25	3726	6074	7076	0	293	563
18:58:26	3726	6077	7079	0	281	563
18:58:27	3726	6077	7084	0	286	563
18:58:28	3726	6078	7085	0	286	563
18:58:30	3726	6077	7080	0	290	563
18:58:31	3726	6082	7092	0	278	563
18:58:32	3726	6086	7101	0	269	563
18:58:33	3726	6086	7101	0	269	563
18:58:35	3726	6081	7089	0	281	563
18:58:36	3726	6073	7057	0	314	563
18:58:37	3726	6082	7086	0	282	563
18:58:38	3726	6077	7070	0	313	563
18:58:40	3726	6075	7062	0	298	563
18:58:41	3726	6079	7086	0	284	563
18:58:42	3726	6075	7069	0	290	563
18:58:43	3726	6095	7090	0	261	563
18:58:44	3726	6106	7083	0	276	563
18:58:46	3726	6106	7083	0	275	563
18:58:47	3726	6106	7083	0	322	563
18:58:48	3726	6106	7083	0	322	563
18:58:49	3726	6106	7082	0	319	563
18:58:51	3726	6108	7084	0	342	563
