# compressor at start: 0 MiB; kill at +2048 MiB
time	worker_pid	rss_mib	footprint_mib	worker_compressed_mib	free_mib	compressor_mib
18:17:59	1348	51	30	0	2310	0
18:18:00	1348	68	32	0	2169	0
18:18:01	1348	391	361	0	1775	0
18:18:02	1348	769	749	0	1366	0
18:18:03	1348	822	802	0	1321	0
18:18:05	1348	851	831	0	1289	0
18:18:06	1348	1043	1035	0	1061	0
18:18:07	1348	1146	1161	0	926	0
18:18:08	1348	1491	1477	0	568	0
18:18:09	1348	1505	1486	0	551	0
18:18:11	1348	1842	1866	0	90	0
18:18:13	1348	2451	2462	0	60	0
18:18:14	1348	3238	3356	0	63	0
18:18:15	1348	3730	4110	0	66	0
18:18:16	1348	4030	4381	0	65	0
18:18:17	1348	4185	4503	0	60	3
18:18:19	1348	4196	4505	0	58	3
18:18:20	1348	4203	4494	0	63	3
18:18:21	1348	4209	4494	0	59	3
18:18:22	1348	4209	4495	0	64	3
18:18:23	1348	4209	4495	0	75	3
18:18:25	1348	4209	4495	0	83	3
18:18:26	1348	4209	4495	0	88	3
18:18:27	1348	4209	4495	0	92	3
18:18:28	1348	4209	4495	0	89	3
18:18:30	1348	4209	4495	0	91	3
18:18:31	1348	4209	4495	0	91	3
18:18:32	1348	4209	4495	0	95	3
18:18:33	1348	4209	4495	0	93	3
18:18:34	1348	4209	4495	0	96	3
18:18:36	1348	4209	4495	0	96	3
18:18:37	1348	4209	4495	0	91	3
18:18:38	1348	4209	4495	0	95	3
18:18:39	1348	4209	4495	0	102	3
18:18:40	1348	4209	4495	0	102	3
18:18:42	1348	4209	4495	0	102	3
18:18:43	1348	4209	4495	0	110	3
18:18:44	1348	4209	4496	0	112	3
18:18:45	2325	128	102	0	3737	3
18:18:46	2325	510	485	0	3364	3
18:18:48	2325	776	764	0	3083	3
18:18:49	2325	820	806	0	3045	3
18:18:50	2325	888	875	0	2980	3
18:18:51	2325	1063	1078	0	2808	3
18:18:52	2325	1135	1147	0	2717	3
18:18:54	2325	1492	1477	0	2459	3
18:18:55	2325	2005	2009	0	1982	3
18:18:56	2325	2724	2831	0	1173	3
18:18:57	2325	3521	3920	0	194	3
18:18:58	2325	3933	4274	0	65	3
18:19:00	2325	4014	4343	0	68	3
18:19:01	2325	4015	4339	0	77	3
18:19:02	2325	4015	4340	0	75	3
18:19:03	2325	4015	4340	0	72	3
18:19:04	2325	4015	4340	0	65	3
18:19:06	2325	4015	4364	0	64	3
18:19:07	2325	4048	4373	0	75	3
18:19:08	2325	4048	4373	0	75	3
18:19:09	2325	4048	4373	0	74	3
18:19:10	2325	4048	4373	0	84	3
18:19:12	2325	4048	4373	0	85	3
18:19:13	2325	4048	4373	0	86	3
18:19:14	2325	4048	4373	0	85	3
18:19:15	2325	4048	4373	0	87	3
18:19:17	2325	4048	4373	0	88	3
18:19:18	2325	4048	4373	0	87	3
18:19:19	2325	4048	4373	0	85	3
18:19:20	2325	4048	4373	0	64	3
18:19:21	2325	4048	4373	0	62	3
18:19:23	2325	4048	4373	0	61	60
18:19:24	2325	4048	4373	0	61	75
18:19:25	2325	4048	4373	0	55	125
18:19:26	2325	4048	4373	0	61	144
18:19:28	2325	4055	4380	0	62	149
18:19:29	2325	4055	4382	0	58	149
18:19:30	2325	4059	4383	0	60	156
18:19:31	2325	4059	4383	0	64	156
18:19:32	2325	4059	4383	0	66	156
18:19:34	2325	4059	4383	0	79	155
18:19:35	2325	4059	4383	0	297	155
18:19:36	2325	4059	4383	0	297	155
18:19:37	2325	4059	4383	0	297	155
18:19:39	2325	4059	4383	0	261	154
18:19:40	2325	4059	4383	0	244	154
18:19:41	2325	4059	4383	0	242	154
18:19:42	2325	4059	4383	0	245	154
18:19:43	2325	4059	4383	0	247	154
18:19:45	2325	4059	4383	0	244	154
18:19:46	2325	4059	4383	0	245	154
18:19:47	2325	4059	4383	0	245	154
18:19:48	2325	4059	4383	0	273	154
18:19:49	2325	4059	4383	0	272	154
18:19:51	2325	4059	4383	0	271	154
18:19:52	2325	4059	4383	0	252	154
18:19:53	2325	4059	4383	0	250	154
18:19:54	2325	4059	4383	0	250	154
18:19:56	2325	4059	4383	0	251	154
18:19:57	2325	4059	4383	0	250	154
18:19:58	2325	4059	4384	0	248	154
18:19:59	2325	4070	4395	0	211	154
18:20:00	2325	4085	4415	0	147	153
18:20:02	2325	4087	4417	0	144	152
18:20:03	2325	4095	4424	0	129	152
18:20:04	2325	4147	4482	0	63	152
18:20:05	2325	4275	4605	0	65	152
18:20:06	2325	4275	4605	0	63	152
18:20:08	2325	4435	4765	0	67	152
18:20:09	2325	4435	4765	0	68	152
18:20:10	2325	4435	4765	0	70	152
18:20:11	2325	4435	4765	0	72	152
18:20:13	2325	4435	4765	0	69	152
18:20:14	2325	4435	4765	0	69	152
18:20:15	2325	4435	4765	0	71	152
18:20:16	2325	4435	4765	0	69	152
18:20:17	2325	4435	4765	0	69	152
18:20:19	2325	4435	4765	0	69	152
18:20:20	2325	4435	4765	0	68	152
18:20:21	2325	4435	4765	0	69	152
18:20:22	2325	4435	4765	0	68	152
18:20:23	2325	4435	4765	0	68	152
18:20:25	2325	4435	4765	0	69	152
18:20:26	2325	4435	4765	0	75	152
18:20:27	2325	4435	4765	0	75	152
18:20:28	2325	4435	4765	0	75	152
18:20:30	2325	4437	4767	0	77	152
18:20:31	2325	4437	4767	0	76	152
18:20:32	2325	4437	4767	0	76	152
18:20:33	2325	4438	4768	0	72	152
18:20:34	2325	4438	4768	0	82	152
18:20:36	2325	4438	4768	0	80	152
18:20:37	2325	4438	4768	0	80	152
18:20:38	2325	4438	4768	0	81	152
18:20:39	2325	4438	4768	0	82	152
18:20:41	2325	4438	4768	0	79	152
18:20:42	2325	4438	4768	0	77	152
18:20:43	2325	4438	4768	0	78	152
18:20:44	2325	4438	4768	0	78	152
18:20:45	2325	4438	4768	0	77	152
18:20:47	2325	4438	4768	0	64	150
18:20:48	2325	4438	4768	0	63	150
18:20:49	2325	4438	4768	0	69	150
18:20:50	2325	4438	4768	0	63	150
18:20:52	2325	4438	4768	0	64	150
18:20:53	2325	4438	4768	0	66	150
18:20:54	2325	4438	4768	0	61	150
18:20:55	2325	4438	4768	0	65	150
18:20:56	2325	4438	4768	0	67	151
18:20:58	2325	4438	4768	0	63	152
18:20:59	2325	4438	4768	0	62	153
18:21:00	2325	4440	4780	0	64	158
18:21:01	2325	4440	4779	0	65	159
18:21:03	2325	4440	4779	0	61	160
18:21:04	2325	4440	4779	0	61	162
18:21:05	2325	4440	4779	0	62	164
18:21:06	2325	4440	4779	0	63	164
18:21:07	2325	4440	4779	0	72	164
18:21:09	2325	4440	4779	0	71	164
18:21:10	2325	4440	4779	0	72	164
18:21:11	2325	4440	4779	0	75	164
18:21:12	2325	4440	4779	0	79	164
18:21:14	2325	4440	4779	0	79	164
18:21:15	2325	4440	4779	0	77	164
18:21:16	2325	4440	4779	0	78	164
18:21:17	2325	4440	4779	0	78	164
18:21:18	2325	4440	4779	0	80	164
18:21:20	2325	4440	4779	0	78	164
18:21:21	2325	4440	4779	0	77	164
18:21:22	2325	4440	4779	0	66	164
18:21:23	2325	4440	4779	0	66	164
18:21:25	2325	4440	4779	0	69	164
18:21:26	2325	4440	4779	0	78	164
18:21:27	2325	4440	4779	0	71	164
18:21:28	2325	4440	4779	0	64	164
18:21:29	2325	4440	4779	0	59	164
18:21:31	2325	4440	4779	0	66	165
18:21:32	2325	4440	4779	0	67	165
18:21:33	2325	4440	4779	0	67	165
18:21:34	2325	4440	4779	0	66	165
18:21:36	2325	4440	4779	0	66	165
18:21:37	2325	4440	4780	0	66	165
18:21:38	2325	4440	4780	0	66	165
18:21:39	2325	4440	4780	0	66	165
18:21:40	2325	4440	4780	0	67	165
18:21:42	2325	4440	4780	0	70	164
18:21:43	2325	4440	4780	0	75	164
18:21:44	2325	4440	4780	0	76	164
18:21:45	2325	4440	4780	0	76	164
18:21:47	2325	4440	4780	0	74	164
18:21:48	2325	4440	4780	0	73	164
18:21:49	2325	4440	4780	0	102	164
18:21:50	2325	4440	4780	0	99	164
18:21:51	2325	4440	4780	0	141	164
18:21:53	2325	4440	4780	0	141	164
18:21:54	2325	4440	4780	0	142	164
18:21:55	2325	4440	4780	0	143	164
18:21:56	2325	4440	4780	0	143	164
18:21:57	2325	4440	4780	0	141	164
18:21:59	2325	4440	4780	0	141	164
18:22:00	2325	4441	4791	0	84	164
18:22:01	2325	4441	4790	0	85	164
18:22:02	2325	4441	4790	0	83	164
18:22:04	2325	4441	4790	0	93	164
18:22:05	2325	4441	4790	0	93	164
18:22:06	2325	4441	4790	0	92	164
18:22:07	2325	4441	4790	0	93	164
18:22:08	2325	4441	4790	0	100	164
18:22:10	2325	4441	4790	0	101	164
18:22:11	2325	4441	4790	0	106	164
18:22:12	2325	4441	4790	0	104	164
18:22:13	2325	4441	4790	0	103	164
18:22:15	2325	4441	4790	0	103	164
18:22:16	2325	4441	4790	0	99	164
18:22:17	2325	4441	4790	0	100	164
18:22:18	2325	4441	4790	0	100	164
18:22:19	2325	4556	4897	0	67	178
18:22:21	2325	4716	5172	29	61	194
18:22:22	2325	4793	5432	222	64	266
18:22:23	2325	4787	5648	334	63	314
18:22:24	2325	4834	5777	409	66	345
18:22:26	2325	4790	6177	1139	14	805
18:22:27	2325	3560	6381	2056	546	1226
18:22:28	2325	3617	6407	2025	422	1215
18:22:29	2325	3630	6391	2012	426	1209
18:22:31	2325	3751	6451	1832	327	1071
18:22:32	2325	3860	6444	1832	331	1070
18:22:33	2325	3862	6448	1831	326	1070
18:22:34	2325	3877	6453	1818	305	1064
18:22:36	2325	3878	6453	1817	292	1063
18:22:37	2325	3882	6470	1816	261	1060
18:22:38	2325	3882	6454	1816	263	1060
18:22:39	2325	3880	6447	1815	271	1060
18:22:41	2325	3882	6455	1815	263	1058
18:22:42	2325	3885	6455	1813	257	1058
18:22:43	2325	3885	6459	1813	250	1058
18:22:44	2325	3885	6459	1813	251	1058
18:22:46	2325	3888	6471	1813	237	1058
18:22:47	2325	3891	6472	1812	233	1057
18:22:48	2325	3889	6463	1812	249	1057
18:22:49	2325	3892	6471	1811	238	1056
18:22:51	2325	3900	6479	1805	227	1054
18:22:52	2325	3908	6480	1805	228	1054
18:22:53	2325	3907	6470	1804	238	1054
18:22:54	2325	3908	6473	1804	233	1054
18:22:56	2325	3909	6474	1804	233	1053
18:22:57	2325	3911	6484	1804	214	1053
18:22:58	2325	3911	6484	1804	214	1053
18:22:59	2325	3911	6484	1803	186	1052
18:23:01	2325	3913	6484	1803	186	1052
18:23:02	2325	3913	6485	1803	186	1052
18:23:03	2325	3912	6473	1802	199	1052
18:23:04	2325	3913	6473	1802	226	1052
18:23:06	2325	3913	6475	1802	223	1051
18:23:07	2325	3915	6316	1716	228	1028
18:23:08	2325	3916	6306	1716	228	1028
18:23:09	2325	3916	6310	1714	319	1026
18:23:10	2325	3954	6100	1688	512	1014
18:23:12	2325	4171	6462	1599	658	964
18:23:13	2325	4163	6483	1597	641	963
18:23:14	2325	4156	6412	1592	709	959
18:23:15	2325	4157	6394	1590	728	959
18:23:17	2325	4158	6406	1590	716	959
18:23:18	2325	4158	6406	1590	714	959
18:23:19	2325	4159	6402	1590	714	959
18:23:20	2325	4160	6410	1590	708	959
18:23:22	2325	4159	6403	1590	690	959
18:23:23	2325	4159	6403	1590	690	959
18:23:24	2325	4159	6403	1590	689	959
18:23:25	2325	4160	6403	1590	698	959
18:23:27	2325	4160	6403	1590	699	959
18:23:28	2325	4162	6419	1590	684	959
18:23:29	2325	4157	6394	1590	709	959
18:23:30	2325	4159	6404	1590	698	959
18:23:32	2325	4159	6404	1590	700	959
18:23:33	2325	4159	6404	1590	697	959
18:23:34	2325	4158	6394	1590	709	959
18:23:35	2325	4158	6394	1590	707	959
18:23:37	2325	4158	6394	1590	707	959
18:23:38	2325	4158	6394	1590	710	959
18:23:39	2325	4158	6394	1590	709	959
18:23:40	2325	4158	6394	1590	708	959
18:23:42	2325	4158	6394	1590	707	959
18:23:43	2325	4158	6394	1590	708	959
18:23:44	2325	4159	6396	1590	707	959
18:23:45	2325	4160	6404	1590	692	959
18:23:47	2325	4158	6395	1590	696	959
18:23:48	2325	4159	6395	1590	697	959
18:23:49	2325	4169	6385	1590	706	959
18:23:50	2325	4169	6374	1590	706	959
18:23:51	2325	4159	6309	1590	823	959
18:23:53	2325	4260	6402	1588	1203	1021
18:23:54	2325	4195	6468	1584	1024	1018
18:23:55	2325	4225	6529	1579	1098	1015
18:23:56	2325	4223	6537	1578	1090	1015
18:23:58	2325	4225	6548	1575	1079	1014
18:23:59	2325	4230	6558	1575	1067	1014
18:24:00	2325	4234	6554	1573	1066	1014
18:24:01	2325	4234	6570	1573	1050	1014
18:24:03	2325	4233	6566	1573	1059	1014
18:24:04	2325	4234	6557	1573	1082	1014
18:24:05	2325	4234	6558	1573	1084	1014
18:24:06	2325	4235	6561	1573	1079	1014
18:24:08	2325	4235	6561	1573	1081	1014
18:24:09	2325	4236	6561	1573	1080	1014
18:24:10	2325	4236	6562	1573	1076	1014
18:24:11	2325	4237	6566	1573	1076	1014
18:24:13	2325	4236	6552	1573	1093	1014
18:24:14	2325	4236	6553	1573	1093	1014
18:24:15	2325	4236	6553	1573	1092	1014
18:24:16	2325	4243	6567	1572	1076	1014
18:24:18	2325	4245	6558	1570	1083	1012
18:24:19	2325	4247	6579	1570	1059	1012
18:24:20	2325	4247	6568	1570	1072	1012
18:24:21	2325	4247	6571	1569	1059	1011
18:24:23	2325	4251	6571	1569	1048	1011
18:24:24	2325	4253	6588	1569	1027	1011
18:24:25	2325	4252	6568	1569	1050	1011
18:24:26	2325	4252	6573	1569	1043	1011
18:24:28	2325	4254	6583	1569	1036	1011
18:24:29	2325	4254	6583	1569	1029	1011
18:24:30	2325	4252	6570	1569	1042	1011
18:24:31	2325	4252	6570	1569	1052	1004
18:24:32	2325	4252	6572	1569	1050	1004
18:24:34	2325	4254	6582	1569	1040	1004
18:24:35	2325	4254	6572	1569	1050	1004
18:24:36	2325	4253	6575	1569	1044	1004
18:24:37	2325	4255	6583	1569	1042	1004
18:24:39	2325	4256	6591	1569	1029	1004
18:24:40	2325	4255	6581	1569	1039	1004
18:24:41	2325	4254	6573	1569	1046	1004
18:24:42	2325	4256	6576	1568	1041	1004
18:24:44	2325	4256	6576	1568	1042	1004
18:24:45	2325	4257	6583	1568	1025	1004
18:24:46	2325	4258	6586	1568	1028	1004
18:24:47	2325	4258	6586	1568	1054	1004
18:24:49	2325	4259	6570	1568	1059	1004
18:24:50	2325	4259	6559	1568	1059	1004
18:24:51	2325	4259	6559	1568	1059	1004
18:24:52	2325	4224	6251	1568	1466	1004
18:24:54	2325	4298	6485	1560	1028	1002
18:24:55	2325	4306	6565	1558	1056	1001
18:24:57	2325	4310	6577	1558	1045	1000
18:24:58	2325	4310	6600	1558	1026	1000
18:24:59	2325	4312	6604	1558	1022	1000
18:25:00	2325	4319	6610	1558	1013	1000
18:25:02	2325	4320	6612	1558	1009	1000
18:25:03	2325	4325	6619	1558	1006	1000
18:25:04	2325	4324	6609	1558	1022	1000
18:25:05	2325	4324	6609	1558	1025	1000
18:25:07	2325	4331	6619	1553	1012	997
18:25:08	2325	4331	6620	1553	1009	997
18:25:09	2325	4331	6617	1553	1014	997
18:25:10	2325	4336	6612	1547	1012	997
18:25:11	2325	4336	6617	1547	1011	997
18:25:13	2325	4336	6620	1547	1008	997
18:25:14	2325	4337	6620	1547	1007	997
18:25:15	2325	4337	6620	1547	1008	997
18:25:16	2325	4338	6620	1547	1007	997
18:25:18	2325	4338	6620	1547	1007	997
18:25:19	2325	4340	6630	1547	995	997
18:25:20	2325	4338	6620	1547	1007	997
18:25:21	2325	4338	6620	1547	1002	997
18:25:23	2325	4338	6620	1547	995	997
18:25:24	2325	4339	6628	1547	986	997
18:25:25	2325	4340	6631	1547	983	997
18:25:26	2325	4338	6620	1547	993	997
18:25:28	2325	4338	6620	1547	994	997
18:25:29	2325	4338	6618	1547	993	997
18:25:30	2325	4362	6610	1499	912	971
18:25:31	2325	4473	6530	1424	861	955
18:25:32	2325	4473	6530	1424	860	955
18:25:34	2325	4473	6530	1424	908	955
18:25:35	2325	4473	6530	1424	910	955
18:25:36	2325	4473	6530	1424	904	955
18:25:37	2325	4531	6531	1364	888	927
