# compressor at start: 575 MiB; kill at +2048 MiB
time	worker_pid	rss_mib	footprint_mib	worker_compressed_mib	free_mib	compressor_mib
# 20:27:48 watching supervisor 40872
20:27:50	40895	65	31	0	6501	574
20:27:51	40895	78	92	0	6368	574
20:27:53	40895	428	485	0	5911	574
20:27:54	40895	769	762	0	5624	574
20:27:55	40895	819	805	0	5584	574
20:27:56	40895	849	850	0	5523	574
20:27:57	40895	1067	1048	0	5328	574
20:27:59	40895	1109	1116	0	5251	574
20:28:00	40895	1460	1470	0	4861	574
20:28:01	40895	1530	1523	0	4747	574
20:28:02	40895	1808	1847	0	4377	574
20:28:04	40895	2465	2470	0	3708	574
20:28:05	40895	3196	3326	0	2702	574
20:28:06	40895	3693	4072	0	2049	574
20:28:07	40895	4034	4351	0	1721	574
20:28:08	40895	4156	4436	0	1613	574
20:28:10	40895	4164	4443	0	1604	574
20:28:11	40895	4171	4450	0	1595	574
20:28:12	40895	4171	4450	0	1597	574
20:28:13	40895	4171	4450	0	1596	574
20:28:15	40895	4171	4450	0	1624	574
20:28:16	40895	4171	4450	0	1620	574
20:28:17	40895	4171	4450	0	1628	574
20:28:18	40895	4171	4450	0	1628	574
20:28:19	40895	4171	4450	0	1627	574
20:28:21	40895	4172	4450	0	1627	574
20:28:22	40895	4172	4450	0	1627	574
20:28:23	40895	4172	4450	0	1629	574
20:28:24	40895	4172	4450	0	1628	574
20:28:26	40895	4172	4450	0	1629	574
20:28:27	40895	4172	4450	0	1629	574
20:28:28	40895	4172	4450	0	1627	574
20:28:29	40895	4172	4450	0	1627	574
20:28:30	40895	4172	4450	0	1628	574
20:28:32	40895	4172	4450	0	1628	574
20:28:33	40895	4172	4450	0	1628	574
20:28:34	40895	4172	4450	0	1627	574
20:28:35	40895	4172	4451	0	1628	574
20:28:37	41856	115	96	0	5231	574
20:28:38	41856	525	485	0	4885	574
20:28:39	41856	778	767	0	4601	574
20:28:40	41856	826	806	0	4566	574
20:28:41	41856	890	911	0	4488	574
20:28:43	41856	1084	1065	0	4367	574
20:28:44	41856	1206	1298	0	4192	574
20:28:45	41856	1574	1638	0	3949	574
20:28:46	41856	2513	2542	0	3191	574
20:28:47	41856	3318	3788	0	2003	574
20:28:49	41856	3870	4274	0	1671	574
20:28:50	41856	4114	4442	0	1511	574
20:28:51	41856	4117	4440	0	1510	574
20:28:52	41856	4117	4440	0	1511	574
20:28:54	41856	4117	4440	0	1509	574
20:28:55	41856	4117	4440	0	1511	574
20:28:56	41856	4117	4440	0	1510	574
20:28:57	41856	4118	4441	0	1539	574
20:28:58	41856	4118	4441	0	1539	574
20:29:00	41856	4118	4445	0	1509	574
20:29:01	41856	4118	4445	0	1507	574
20:29:02	41856	4118	4441	0	1508	574
20:29:03	41856	4118	4441	0	1509	574
20:29:04	41856	4118	4441	0	1508	574
20:29:06	41856	4118	4441	0	1528	574
20:29:07	41856	4118	4441	0	1529	574
20:29:08	41856	4118	4441	0	1558	574
20:29:09	41856	4118	4441	0	1559	574
20:29:11	41856	4118	4441	0	1562	574
20:29:12	41856	4118	4441	0	1563	574
20:29:13	41856	4118	4441	0	1562	574
20:29:14	41856	4118	4442	0	1564	574
20:29:16	41856	4119	4442	0	1564	574
20:29:17	41856	4119	4442	0	1563	574
20:29:18	41856	4125	4448	0	1551	574
20:29:19	41856	4127	4450	0	1546	574
20:29:20	41856	4128	4451	0	1543	574
20:29:22	41856	4128	4451	0	1545	574
20:29:23	41856	4128	4451	0	1543	574
20:29:24	41856	4128	4451	0	1532	574
20:29:25	41856	4128	4451	0	1533	574
20:29:27	41856	4128	4451	0	1534	574
20:29:28	41856	4128	4451	0	1533	574
20:29:29	41856	4128	4451	0	1535	574
20:29:30	41856	4128	4451	0	1534	574
20:29:31	41856	4128	4451	0	1534	574
20:29:33	41856	4128	4451	0	1534	574
20:29:34	41856	4128	4451	0	1534	574
20:29:35	41856	4128	4451	0	1541	574
20:29:36	41856	4128	4451	0	1540	574
20:29:38	41856	4128	4451	0	1541	574
20:29:39	41856	4128	4451	0	1540	574
20:29:40	41856	4128	4451	0	1542	574
20:29:41	41856	4128	4451	0	1542	574
20:29:42	41856	4128	4451	0	1541	574
20:29:44	41856	4128	4451	0	1546	574
20:29:45	41856	4128	4451	0	1546	574
20:29:46	41856	4128	4451	0	1545	574
20:29:47	41856	4129	4452	0	1546	574
20:29:49	41856	4129	4452	0	1546	574
20:29:50	41856	4135	4459	0	1513	573
20:29:51	41856	4149	4473	0	1487	573
20:29:52	41856	4155	4485	0	1457	573
20:29:53	41856	4250	4575	0	1407	573
20:29:55	41856	4340	4664	0	1326	573
20:29:56	41856	4341	4664	0	1329	573
20:29:57	41856	4341	4664	0	1328	573
20:29:58	41856	4437	4760	0	1232	573
20:30:00	41856	4437	4761	0	1150	573
20:30:01	41856	4437	4762	0	1147	573
20:30:02	41856	4437	4761	0	1147	573
20:30:03	41856	4437	4761	0	1147	573
20:30:04	41856	4437	4761	0	1149	573
20:30:06	41856	4437	4761	0	1158	573
20:30:07	41856	4437	4761	0	1160	573
20:30:08	41856	4437	4761	0	1187	573
20:30:09	41856	4437	4761	0	1188	573
20:30:11	41856	4437	4761	0	1189	573
20:30:12	41856	4437	4761	0	1190	573
20:30:13	41856	4437	4761	0	1189	573
20:30:14	41856	4437	4761	0	1189	573
20:30:15	41856	4437	4761	0	1189	573
20:30:17	41856	4437	4761	0	1189	573
20:30:18	41856	4437	4761	0	1190	573
20:30:19	41856	4437	4761	0	1190	573
20:30:20	41856	4438	4763	0	1189	573
20:30:22	41856	4440	4764	0	1188	573
20:30:23	41856	4440	4764	0	1187	573
20:30:24	41856	4440	4764	0	1186	573
20:30:25	41856	4440	4764	0	1188	573
20:30:27	41856	4440	4764	0	1188	573
20:30:28	41856	4440	4764	0	1188	573
20:30:29	41856	4440	4764	0	1187	573
20:30:30	41856	4440	4764	0	1187	573
20:30:31	41856	4440	4764	0	1187	573
20:30:33	41856	4440	4764	0	1186	573
20:30:34	41856	4440	4764	0	1188	573
20:30:35	41856	4441	4765	0	1187	573
20:30:36	41856	4441	4765	0	1186	573
20:30:38	41856	4441	4765	0	1186	573
20:30:39	41856	4441	4765	0	1186	573
20:30:40	41856	4441	4765	0	1186	573
20:30:41	41856	4441	4765	0	1187	573
20:30:42	41856	4441	4765	0	1189	573
20:30:44	41856	4441	4765	0	1192	573
20:30:45	41856	4441	4765	0	1192	573
20:30:46	41856	4441	4765	0	1192	573
20:30:47	41856	4441	4765	0	1193	573
20:30:49	41856	4441	4765	0	1193	573
20:30:50	41856	4441	4765	0	1192	573
20:30:51	41856	4441	4765	0	1202	573
20:30:52	41856	4441	4765	0	1199	573
20:30:53	41856	4441	4765	0	1239	573
20:30:55	41856	4441	4765	0	1238	573
20:30:56	41856	4441	4765	0	1239	573
20:30:57	41856	4441	4765	0	1238	573
20:30:58	41856	4441	4765	0	1236	573
20:31:00	41856	4441	4767	0	1151	573
20:31:01	41856	4442	4766	0	1147	573
20:31:02	41856	4442	4766	0	1142	573
20:31:03	41856	4442	4766	0	1145	573
20:31:05	41856	4442	4766	0	1146	573
20:31:06	41856	4442	4766	0	1144	573
20:31:07	41856	4442	4766	0	1172	573
20:31:08	41856	4442	4766	0	1174	573
20:31:09	41856	4442	4766	0	1171	573
20:31:11	41856	4442	4766	0	1174	573
20:31:12	41856	4442	4766	0	1176	573
20:31:13	41856	4442	4766	0	1175	573
20:31:14	41856	4442	4766	0	1176	573
20:31:16	41856	4442	4766	0	1176	573
20:31:17	41856	4442	4766	0	1175	573
20:31:18	41856	4442	4766	0	1175	573
20:31:19	41856	4442	4766	0	1175	573
20:31:20	41856	4442	4766	0	1175	573
20:31:22	41856	4442	4766	0	1176	573
20:31:23	41856	4442	4766	0	1177	573
20:31:24	41856	4442	4766	0	1176	573
20:31:25	41856	4442	4766	0	1177	573
20:31:27	41856	4442	4766	0	1178	573
20:31:28	41856	4442	4766	0	1177	573
20:31:29	41856	4442	4766	0	1177	573
20:31:30	41856	4442	4766	0	1177	573
20:31:32	41856	4442	4766	0	1177	573
20:31:33	41856	4442	4766	0	1178	573
20:31:34	41856	4442	4766	0	1177	573
20:31:35	41856	4442	4766	0	1188	573
20:31:36	41856	4442	4766	0	1187	573
20:31:38	41856	4442	4766	0	1188	573
20:31:39	41856	4442	4766	0	1189	573
20:31:40	41856	4442	4766	0	1188	573
20:31:41	41856	4442	4766	0	1187	573
20:31:43	41856	4442	4766	0	1188	573
20:31:44	41856	4442	4766	0	1193	573
20:31:45	41856	4442	4766	0	1193	573
20:31:46	41856	4442	4766	0	1186	572
20:31:47	41856	4442	4766	0	1187	572
20:31:49	41856	4442	4766	0	1186	572
20:31:50	41856	4442	4766	0	1186	572
20:31:51	41856	4442	4766	0	1187	572
20:31:52	41856	4442	4766	0	1239	572
20:31:54	41856	4442	4766	0	1245	572
20:31:55	41856	4442	4766	0	1246	572
20:31:56	41856	4442	4766	0	1245	572
20:31:57	41856	4442	4766	0	1246	572
20:31:58	41856	4442	4766	0	1245	572
20:32:00	41856	4442	4767	0	1164	572
20:32:01	41856	4442	4766	0	1161	572
20:32:02	41856	4442	4766	0	1156	572
20:32:03	41856	4442	4766	0	1155	572
20:32:05	41856	4442	4766	0	1157	572
20:32:06	41856	4442	4766	0	1156	572
20:32:07	41856	4442	4766	0	1157	572
20:32:08	41856	4442	4773	0	1171	572
20:32:10	41856	4577	4936	0	872	572
20:32:11	41856	4833	5268	0	576	572
20:32:12	41856	5083	5490	0	360	572
20:32:13	41856	5173	5672	0	146	572
20:32:14	41856	5248	5760	0	57	572
20:32:16	41856	5532	6261	0	60	574
20:32:17	41856	5543	6280	0	58	575
20:32:18	41856	5563	6278	0	107	578
20:32:19	41856	5573	6295	0	95	578
20:32:21	41856	5575	6299	0	86	578
20:32:22	41856	5608	6324	0	67	578
20:32:23	41856	5613	6332	0	70	578
20:32:24	41856	5611	6324	0	82	578
20:32:26	41856	5616	6334	0	73	578
20:32:27	41856	5617	6337	0	68	578
20:32:28	41856	5620	6344	0	64	578
20:32:29	41856	5616	6330	0	78	578
20:32:31	41856	5619	6332	0	72	578
20:32:32	41856	5654	6372	0	66	578
20:32:33	41856	5672	6393	0	63	578
20:32:34	41856	5670	6386	0	66	578
20:32:36	41856	5665	6381	0	64	578
20:32:37	41856	5669	6392	0	59	578
20:32:38	41856	5671	6393	0	60	578
20:32:39	41856	5671	6393	0	60	578
20:32:41	41856	5676	6401	0	59	578
20:32:42	41856	5675	6397	0	62	578
20:32:43	41856	5671	6385	0	77	578
20:32:44	41856	5672	6386	0	73	578
20:32:46	41856	5672	6386	0	67	578
20:32:47	41856	5673	6391	0	64	578
20:32:48	41856	5673	6393	0	66	578
20:32:49	41856	5670	6385	0	78	578
20:32:51	41856	5673	6390	0	75	578
20:32:52	41856	5673	6394	0	70	578
20:32:53	41856	5674	6397	0	64	578
20:32:54	41856	5675	6397	0	65	578
20:32:56	41856	5677	6358	0	107	578
20:32:57	41856	5677	6348	0	105	578
20:32:58	41856	5671	6320	0	138	578
20:32:59	41856	5652	6240	0	155	578
20:33:01	41856	5762	6462	0	117	578
20:33:02	41856	5755	6403	0	178	578
20:33:03	41856	5753	6397	0	183	578
20:33:04	41856	5755	6402	0	178	578
20:33:06	41856	5757	6408	0	175	578
20:33:07	41856	5761	6417	0	165	578
20:33:08	41856	5762	6419	0	163	578
20:33:09	41856	5763	6412	0	171	578
20:33:11	41856	5763	6419	0	164	578
20:33:12	41856	5764	6425	0	157	578
20:33:13	41856	5766	6428	0	156	578
20:33:14	41856	5767	6428	0	154	578
20:33:16	41856	5763	6414	0	169	578
20:33:17	41856	5765	6418	0	164	578
20:33:18	41856	5765	6418	0	164	578
20:33:19	41856	5762	6409	0	174	578
20:33:21	41856	5763	6409	0	180	578
20:33:22	41856	5763	6410	0	173	578
20:33:23	41856	5760	6401	0	180	578
20:33:24	41856	5759	6398	0	187	578
20:33:26	41856	5762	6407	0	176	578
20:33:27	41856	5762	6397	0	186	578
20:33:28	41856	5760	6397	0	184	578
20:33:29	41856	5763	6409	0	176	578
20:33:31	41856	5764	6412	0	172	578
20:33:32	41856	5761	6406	0	186	578
20:33:33	41856	5761	6405	0	174	578
20:33:34	41856	5763	6410	0	174	578
20:33:36	41856	5761	6406	0	184	578
20:33:37	41856	5761	6366	0	227	578
20:33:38	41856	5761	6356	0	228	578
20:33:39	41856	5761	6356	0	228	578
20:33:41	41856	5722	6195	0	235	578
20:33:42	41856	5805	6443	0	200	578
20:33:43	41856	5885	6637	0	67	578
20:33:44	41856	5877	6650	0	83	578
20:33:46	41856	5863	6606	0	128	578
20:33:47	41856	5864	6607	0	128	578
20:33:48	41856	5865	6610	0	124	578
20:33:49	41856	5866	6610	0	124	578
20:33:51	41856	5867	6614	0	120	578
20:33:52	41856	5868	6615	0	127	578
20:33:53	41856	5866	6610	0	117	578
20:33:54	41856	5867	6613	0	117	578
20:33:56	41856	5867	6615	0	114	578
20:33:57	41856	5868	6615	0	120	578
20:33:58	41856	5867	6610	0	118	578
20:33:59	41856	5867	6612	0	117	578
20:34:01	41856	5862	6596	0	129	578
20:34:02	41856	5866	6612	0	107	578
20:34:03	41856	5867	6605	0	114	578
20:34:04	41856	5865	6610	0	109	578
20:34:06	41856	5867	6616	0	102	578
20:34:07	41856	5869	6606	0	115	578
20:34:08	41856	5866	6609	0	110	578
20:34:09	41856	5867	6612	0	118	578
20:34:11	41856	5867	6612	0	108	578
20:34:12	41856	5867	6612	0	110	578
20:34:13	41856	5865	6607	0	113	578
20:34:14	41856	5865	6607	0	113	578
20:34:16	41856	5866	6608	0	112	578
20:34:17	41856	5867	6610	0	101	578
20:34:18	41856	5867	6573	0	140	578
20:34:19	41856	5867	6555	0	148	578
20:34:21	41856	5867	6555	0	146	578
20:34:22	41856	5725	6109	0	550	578
20:34:23	41856	5778	6369	0	297	578
20:34:24	41856	5785	6373	0	297	578
20:34:26	41856	5824	6527	0	139	578
20:34:27	41856	5828	6519	0	146	578
20:34:28	41856	5821	6517	0	146	578
20:34:29	41856	5823	6520	0	147	578
20:34:31	41856	5823	6520	0	160	578
20:34:32	41856	5819	6507	0	159	578
20:34:33	41856	5820	6510	0	156	578
20:34:34	41856	5822	6516	0	158	578
20:34:36	41856	5819	6508	0	166	578
20:34:37	41856	5820	6508	0	240	578
20:34:38	41856	5820	6510	0	240	578
20:34:39	41856	5821	6513	0	237	578
20:34:41	41856	5821	6513	0	239	578
20:34:42	41856	5822	6518	0	231	578
20:34:43	41856	5823	6519	0	232	578
20:34:44	41856	5824	6521	0	229	578
20:34:46	41856	5820	6511	0	237	578
20:34:47	41856	5820	6511	0	237	578
20:34:48	41856	5820	6498	0	251	578
20:34:49	41856	5816	6504	0	245	578
20:34:51	41856	5818	6512	0	235	578
20:34:52	41856	5819	6513	0	235	578
20:34:53	41856	5814	6500	0	238	578
20:34:54	41856	5815	6504	0	233	578
20:34:56	41856	5813	6498	0	240	578
20:34:57	41856	5815	6502	0	235	578
20:34:58	41856	5817	6505	0	229	578
20:34:59	41856	5830	6484	0	244	578
20:35:01	41856	5842	6475	0	247	578
20:35:02	41856	5842	6475	0	256	578
20:35:03	41856	5842	6475	0	256	578
20:35:04	41856	5842	6475	0	255	578
20:35:05	41856	5842	6475	0	251	578
20:35:07	41856	5843	0	0	1568	578
# 20:35:08 supervisor 40872 gone
