ts,phase,footprint_gib,begins,live,draining,released,sum_mib,max_mib
1790904091,idle,6.231,,,,,,
1790904126,steady,7.567,136000,51,0,23,218.8,12.9
1790904157,steady,7.582,308000,53,0,34,232.9,15.1
1790904187,steady,7.578,480000,54,0,41,241.0,10.8
1790904217,steady,7.566,652000,53,0,54,225.2,10.8
1790904247,steady,7.569,826000,53,0,63,232.2,10.8
1790904278,steady,7.564,998000,54,0,78,226.3,10.8
1790904308,steady,7.551,1170000,53,0,94,209.5,10.7
1790904338,steady,7.565,1342000,53,0,108,222.9,10.7
1790904368,steady,7.550,1516000,52,0,123,209.7,9.6
1790904399,steady,7.570,1684000,53,0,134,229.9,10.5
1790904429,steady,7.576,1848000,54,0,139,235.1,10.5
1790904459,steady,7.581,2016000,54,0,144,249.2,10.7
1790904489,steady,7.579,2190000,54,0,156,238.9,10.7
1790904520,steady,7.570,2362000,54,0,173,227.5,10.6
1790904550,steady,7.549,2536000,53,0,193,207.0,10.5
1790904580,steady,7.550,2708000,52,0,203,208.5,10.7
1790904611,steady,7.574,2882000,53,0,210,233.2,10.8
1790904641,steady,7.572,3054000,54,0,222,230.5,10.8
1790904671,steady,7.556,3226000,51,0,236,212.2,10.6
1790904701,steady,7.555,3400000,52,0,251,209.2,10.3
1790904732,steady,7.561,3574000,53,0,264,217.8,10.4
1790904762,steady,7.543,3746000,50,0,279,198.9,10.6
1790904792,steady,7.539,3920000,50,0,290,193.9,10.3
1790904822,steady,7.572,4092000,54,0,299,229.0,10.5
1790904853,steady,7.564,4266000,53,0,311,219.5,10.7
1790904883,steady,7.571,4438000,53,0,319,225.0,10.7
1790904913,steady,7.560,4612000,52,0,334,216.4,10.7
1790904943,steady,7.548,4784000,51,0,350,203.7,10.3
1790904974,steady,7.566,4956000,53,0,362,222.5,10.5
1790905004,steady,7.573,5130000,54,0,371,228.2,10.7
1790905035,closed,7.461,5132000,54,0,371,229.1,10.7
1790905099,open1,7.654,5244000,51,0,422,202.0,11.5
1790905130,closed1,7.622,5244000,51,0,422,202.0,11.5
1790905194,open2,7.873,5356000,56,0,472,276.3,15.3
1790905225,closed2,7.803,5356000,56,0,472,276.3,15.3
1790905288,open3,7.703,5470000,51,0,516,210.3,15.7
1790905319,closed3,7.662,5470000,51,0,516,210.3,15.7
1790905382,open4,7.689,5584000,51,0,563,191.5,9.9
1790905412,closed4,7.652,5584000,51,0,563,191.5,9.9
1790905477,open5,7.747,5696000,52,0,606,235.5,15.0
1790905507,closed5,7.672,5698000,52,0,606,235.5,15.0
1790905571,open6,7.726,5810000,51,0,654,199.9,13.2
1790905601,closed6,7.678,5810000,51,0,654,199.9,13.2
1790905665,open7,7.741,5924000,51,0,698,221.9,13.3
1790905695,closed7,7.663,5924000,51,0,698,221.9,13.3
1790905759,open8,7.739,6036000,51,0,739,213.1,12.8
1790905789,closed8,7.692,6036000,51,0,739,213.1,12.8
