# compressor at start: 431 MiB; kill at +2048 MiB
time	worker_pid	rss_mib	footprint_mib	worker_compressed_mib	free_mib	compressor_mib
18:25:45	11095	51	26	0	6808	431
18:25:47	11095	403	374	0	6370	431
18:25:48	11095	769	750	0	5980	431
18:25:49	11095	821	802	0	5934	431
18:25:50	11095	847	828	0	5906	431
18:25:51	11095	1063	1044	0	5670	431
18:25:53	11095	1097	1078	0	5637	431
18:25:54	11095	1340	1364	0	5288	431
18:25:55	11095	1532	1514	0	5131	431
18:25:57	11095	1881	1907	0	4684	431
18:25:58	11095	2510	2510	0	4033	431
18:25:59	11095	3332	3759	0	2791	431
18:26:01	11095	3682	4017	0	2473	431
18:26:02	11095	3948	4259	0	2215	431
18:26:03	11095	3975	4282	0	2174	431
18:26:04	11095	3982	4290	0	2173	431
18:26:06	11095	3989	4295	0	2164	431
18:26:07	11095	3989	4295	0	2168	431
18:26:08	11095	3989	4295	0	2176	431
18:26:09	11095	3989	4296	0	2184	431
18:26:10	11095	3989	4296	0	2184	431
18:26:12	11095	3989	4296	0	2186	431
18:26:13	11095	3989	4296	0	2186	431
18:26:14	11095	3989	4296	0	2185	431
18:26:15	11095	3989	4296	0	2189	431
18:26:17	11095	3989	4296	0	2189	431
18:26:18	11095	3989	4296	0	2191	431
18:26:19	11095	3990	4296	0	2186	431
18:26:20	11095	3990	4296	0	2189	431
18:26:22	11095	3990	4296	0	2206	431
18:26:23	11095	3990	4296	0	2206	431
18:26:24	11095	3990	4296	0	2206	431
18:26:25	11095	3990	4296	0	2202	431
18:26:27	11095	3990	4296	0	2213	431
18:26:28	11095	3990	4296	0	2213	431
18:26:29	11095	3990	4296	0	2211	431
18:26:30	12868	51	74	0	5582	431
18:26:32	12868	429	485	0	5217	431
18:26:33	12868	770	765	0	4935	431
18:26:34	12868	822	807	0	4902	431
18:26:35	12868	897	890	0	4822	431
18:26:36	12868	1073	1084	0	4693	431
18:26:38	12868	1542	1537	0	4391	431
18:26:39	12868	2401	2475	0	3581	431
18:26:40	12868	3308	3704	0	2489	431
18:26:41	12868	3842	4251	0	2065	431
18:26:43	12868	4133	4452	0	1923	431
18:26:44	12868	4134	4449	0	1917	431
18:26:45	12868	4134	4449	0	1920	431
18:26:46	12868	4134	4449	0	1917	431
18:26:47	12868	4135	4449	0	1919	431
18:26:49	12868	4135	4449	0	1919	431
18:26:50	12868	4135	4450	0	1921	431
18:26:51	12868	4135	4450	0	1934	431
18:26:52	12868	4135	4450	0	1931	431
18:26:54	12868	4135	4450	0	1932	431
18:26:55	12868	4136	4450	0	1932	431
18:26:56	12868	4136	4450	0	1932	431
18:26:57	12868	4136	4450	0	1868	430
18:26:59	12868	4136	4450	0	1857	429
18:27:00	12868	4136	4456	0	1836	429
18:27:01	12868	4136	4455	0	1840	429
18:27:02	12868	4136	4455	0	1841	429
18:27:04	12868	4136	4455	0	1852	429
18:27:05	12868	4136	4455	0	1854	429
18:27:06	12868	4141	4460	0	1846	429
18:27:07	12868	4142	4460	0	1859	429
18:27:09	12868	4142	4460	0	1857	429
18:27:10	12868	4142	4461	0	1943	429
18:27:11	12868	4149	4468	0	1930	429
18:27:12	12868	4149	4468	0	1932	429
18:27:13	12868	4149	4468	0	1937	429
18:27:15	12868	4149	4468	0	1933	429
18:27:16	12868	4149	4468	0	1934	429
18:27:17	12868	4149	4468	0	1934	429
18:27:18	12868	4149	4468	0	1933	429
18:27:20	12868	4149	4468	0	1936	429
18:27:21	12868	4149	4468	0	1939	429
18:27:22	12868	4149	4468	0	1911	429
18:27:23	12868	4149	4468	0	1908	429
18:27:25	12868	4149	4468	0	1912	429
18:27:26	12868	4149	4468	0	1912	429
18:27:27	12868	4149	4468	0	1913	429
18:27:28	12868	4149	4468	0	1906	429
18:27:30	12868	4149	4468	0	1892	429
18:27:31	12868	4149	4468	0	1876	429
18:27:32	12868	4149	4468	0	1862	429
18:27:33	12868	4149	4468	0	1863	429
18:27:35	12868	4149	4468	0	1864	429
18:27:36	12868	4149	4468	0	1860	429
18:27:37	12868	4149	4468	0	1864	429
18:27:38	12868	4150	4469	0	1865	429
18:27:40	12868	4152	4471	0	1859	429
18:27:41	12868	4152	4471	0	1863	429
18:27:42	12868	4163	4481	0	1844	429
18:27:43	12868	4176	4496	0	1825	429
18:27:45	12868	4180	4499	0	1816	429
18:27:46	12868	4204	4523	0	1784	429
18:27:47	12868	4332	4652	0	1654	429
18:27:48	12868	4340	4659	0	1645	429
18:27:49	12868	4340	4659	0	1674	429
18:27:51	12868	4372	4787	0	1540	429
18:27:52	12868	4468	4787	0	1545	429
18:27:53	12868	4468	4787	0	1541	429
18:27:54	12868	4468	4787	0	1544	429
18:27:56	12868	4468	4787	0	1538	429
18:27:57	12868	4468	4787	0	1534	429
18:27:58	12868	4468	4787	0	1529	429
18:27:59	12868	4469	4799	0	1482	429
18:28:01	12868	4469	4798	0	1482	429
18:28:02	12868	4469	4798	0	1477	429
18:28:03	12868	4469	4798	0	1476	429
18:28:04	12868	4469	4798	0	1502	429
18:28:06	12868	4469	4798	0	1496	429
18:28:07	12868	4469	4798	0	1501	429
18:28:08	12868	4469	4798	0	1514	429
18:28:09	12868	4472	4801	0	1505	429
18:28:11	12868	4472	4801	0	1511	429
18:28:12	12868	4472	4801	0	1509	429
18:28:13	12868	4473	4802	0	1507	429
18:28:14	12868	4473	4802	0	1509	429
18:28:16	12868	4473	4802	0	1507	429
18:28:17	12868	4473	4802	0	1509	429
18:28:18	12868	4473	4802	0	1513	429
18:28:19	12868	4473	4802	0	1511	429
18:28:21	12868	4473	4802	0	1507	429
18:28:22	12868	4473	4802	0	1507	429
18:28:23	12868	4473	4802	0	1510	429
18:28:24	12868	4473	4802	0	1511	429
18:28:26	12868	4473	4802	0	1506	429
18:28:27	12868	4473	4802	0	1508	429
18:28:28	12868	4473	4802	0	1512	429
18:28:29	12868	4473	4802	0	1508	429
18:28:31	12868	4473	4802	0	1514	429
18:28:32	12868	4473	4802	0	1512	429
18:28:33	12868	4473	4802	0	1508	429
18:28:34	12868	4473	4802	0	1508	429
18:28:35	12868	4473	4802	0	1508	429
18:28:37	12868	4473	4802	0	1513	429
18:28:38	12868	4473	4802	0	1508	429
18:28:39	12868	4473	4802	0	1507	429
18:28:40	12868	4473	4802	0	1505	429
18:28:42	12868	4473	4802	0	1511	429
18:28:43	12868	4473	4802	0	1516	429
18:28:44	12868	4473	4803	0	1516	429
18:28:45	12868	4473	4803	0	1513	429
18:28:47	12868	4473	4803	0	1514	429
18:28:48	12868	4473	4803	0	1515	429
18:28:49	12868	4473	4803	0	1540	429
18:28:50	12868	4473	4803	0	1544	429
18:28:52	12868	4473	4803	0	1533	429
18:28:53	12868	4473	4803	0	1529	429
18:28:54	12868	4473	4803	0	1530	429
18:28:55	12868	4473	4803	0	1530	429
18:28:57	12868	4473	4803	0	1535	429
18:28:58	12868	4473	4803	0	1531	429
18:28:59	12868	4473	4803	0	1536	429
18:29:00	12868	4475	4815	0	1477	429
18:29:02	12868	4475	4814	0	1469	429
18:29:03	12868	4475	4814	0	1468	429
18:29:04	12868	4475	4814	0	1473	429
18:29:05	12868	4475	4814	0	1472	429
18:29:07	12868	4475	4814	0	1468	429
18:29:08	12868	4475	4814	0	1481	429
18:29:09	12868	4475	4814	0	1485	429
18:29:10	12868	4475	4814	0	1490	429
18:29:12	12868	4475	4814	0	1488	429
18:29:13	12868	4475	4814	0	1483	429
18:29:14	12868	4475	4814	0	1488	429
18:29:15	12868	4475	4814	0	1489	429
18:29:17	12868	4475	4814	0	1484	429
18:29:18	12868	4475	4814	0	1485	429
18:29:19	12868	4475	4814	0	1487	429
18:29:20	12868	4475	4814	0	1488	429
18:29:22	12868	4475	4814	0	1489	429
18:29:23	12868	4475	4814	0	1490	429
18:29:24	12868	4475	4814	0	1481	429
18:29:25	12868	4475	4814	0	1481	429
18:29:27	12868	4475	4814	0	1482	429
18:29:28	12868	4475	4814	0	1484	428
18:29:29	12868	4475	4814	0	1480	428
18:29:30	12868	4475	4814	0	1479	428
18:29:32	12868	4475	4814	0	1478	428
18:29:33	12868	4475	4814	0	1481	428
18:29:34	12868	4475	4814	0	1481	428
18:29:35	12868	4475	4814	0	1485	428
18:29:36	12868	4475	4814	0	1483	428
18:29:38	12868	4475	4814	0	1482	428
18:29:39	12868	4475	4814	0	1482	428
18:29:40	12868	4475	4814	0	1482	428
18:29:41	12868	4475	4814	0	1486	428
18:29:43	12868	4475	4814	0	1491	428
18:29:44	12868	4475	4814	0	1492	428
18:29:45	12868	4475	4814	0	1487	428
18:29:46	12868	4475	4814	0	1487	428
18:29:48	12868	4475	4814	0	1486	428
18:29:49	12868	4475	4814	0	1520	428
18:29:50	12868	4475	4814	0	1520	428
18:29:51	12868	4475	4814	0	1519	428
18:29:53	12868	4475	4814	0	1519	428
18:29:54	12868	4475	4814	0	1518	428
18:29:55	12868	4475	4814	0	1519	428
18:29:56	12868	4475	4814	0	1520	428
18:29:58	12868	4475	4814	0	1516	428
18:29:59	12868	4476	4814	0	1517	428
18:30:00	12868	4477	4826	0	1462	428
18:30:01	12868	4477	4825	0	1456	428
18:30:03	12868	4576	4920	0	1322	428
18:30:04	12868	4945	5487	0	737	428
18:30:05	12868	5470	6212	0	633	462
18:30:06	12868	5520	6439	0	398	462
18:30:08	12868	5582	6520	0	309	462
18:30:09	12868	5653	6586	0	72	462
18:30:10	12868	5662	6597	0	67	462
18:30:11	12868	5667	6611	0	83	462
18:30:13	12868	5654	6563	0	76	460
18:30:14	12868	5662	6572	0	65	460
18:30:15	12868	5700	6629	0	70	460
18:30:16	12868	5702	6637	0	69	460
18:30:18	12868	5702	6634	0	81	460
18:30:19	12868	5704	6636	0	89	460
18:30:20	12868	5704	6646	0	66	460
18:30:21	12868	5699	6630	0	78	458
18:30:23	12868	5700	6622	0	90	458
18:30:24	12868	5702	6643	0	69	458
18:30:25	12868	5762	6709	0	67	458
18:30:26	12868	5769	6725	0	68	458
18:30:27	12868	5771	6726	0	75	458
18:30:29	12868	5769	6727	0	72	458
18:30:30	12868	5771	6732	0	66	458
18:30:31	12868	5770	6716	0	83	458
18:30:32	12868	5757	6680	0	114	458
18:30:34	12868	5770	6716	0	82	458
18:30:35	12868	5769	6709	0	85	458
18:30:36	12868	5773	6714	0	83	458
18:30:37	12868	5776	6736	0	63	458
18:30:39	12868	5775	6723	0	75	458
18:30:40	12868	5773	6712	0	81	458
18:30:41	12868	5777	6701	0	88	458
18:30:42	12868	5777	6693	0	142	458
18:30:44	12868	5720	6439	0	424	458
18:30:45	12868	5725	6435	0	54	459
18:30:46	12868	5825	6671	0	731	509
18:30:47	12868	5838	6702	0	714	509
18:30:49	12868	5840	6697	0	726	509
18:30:50	12868	5851	6727	0	698	509
18:30:51	12868	5850	6731	0	686	509
18:30:52	12868	5846	6714	0	691	509
18:30:54	12868	5844	6708	0	698	509
18:30:55	12868	5842	6700	0	705	509
18:30:56	12868	5848	6710	0	696	509
18:30:57	12868	5861	6740	0	673	509
18:30:59	12868	5865	6747	0	667	509
18:31:00	12868	5862	6736	0	674	509
18:31:01	12868	5865	6750	0	660	509
18:31:02	12868	5865	6751	0	660	509
18:31:04	12868	5859	6730	0	680	509
18:31:05	12868	5863	6740	0	666	509
18:31:06	12868	5861	6722	0	685	509
18:31:07	12868	5871	6761	0	647	509
18:31:08	12868	5867	6757	0	655	509
18:31:10	12868	5871	6739	0	674	509
18:31:11	12868	5875	6736	0	681	509
18:31:12	12868	5877	6757	0	661	509
18:31:13	12868	5874	6745	0	673	509
18:31:15	12868	5876	6747	0	671	509
18:31:16	12868	5881	6766	0	652	509
18:31:17	12868	5882	6774	0	647	509
18:31:18	12868	5873	6731	0	688	509
18:31:20	12868	5877	6747	0	667	509
18:31:21	12868	5879	6754	0	658	509
18:31:22	12868	5880	6741	0	668	509
18:31:23	12868	5880	6733	0	662	509
18:31:25	12868	5880	6505	0	957	509
18:31:26	12868	5906	6587	0	852	509
18:31:27	12868	5969	6819	0	403	509
18:31:28	12868	5953	6907	0	858	554
18:31:30	12868	6012	7034	0	731	554
18:31:31	12868	6024	7053	0	713	554
18:31:32	12868	6027	7061	0	701	554
18:31:33	12868	6029	7065	0	702	554
18:31:35	12868	6038	7098	0	670	554
18:31:36	12868	6037	7092	0	674	554
18:31:37	12868	6032	7071	0	695	554
18:31:38	12868	6034	7058	0	708	554
18:31:40	12868	6034	7056	0	711	554
18:31:41	12868	6041	7099	0	670	554
18:31:42	12868	6039	7088	0	686	554
18:31:43	12868	6042	7102	0	674	554
18:31:45	12868	6042	7097	0	679	554
18:31:46	12868	6043	7095	0	683	554
18:31:47	12868	6039	7084	0	691	554
18:31:48	12868	6036	7083	0	694	554
18:31:50	12868	6038	7088	0	688	554
18:31:51	12868	6036	7070	0	682	553
18:31:52	12868	6042	7081	0	665	553
18:31:53	12868	6041	7087	0	657	553
18:31:54	12868	6035	7074	0	673	553
18:31:56	12868	6034	7070	0	674	553
18:31:57	12868	6035	7073	0	672	553
18:31:58	12868	6038	7082	0	665	553
18:31:59	12868	6038	7081	0	666	553
18:32:01	12868	6036	7079	0	662	553
18:32:02	12868	6042	7098	0	634	553
18:32:03	12868	6043	7105	0	635	553
18:32:04	12868	6047	7120	0	635	553
18:32:06	12868	6050	7122	0	631	553
18:32:07	12868	6047	7114	0	633	553
18:32:08	12868	6047	7114	0	633	553
18:32:09	12868	6048	7116	0	633	553
18:32:11	12868	6053	7095	0	653	553
18:32:12	12868	6053	7098	0	647	553
18:32:13	12868	6053	7090	0	648	553
18:32:14	12868	5953	6621	0	1190	553
18:32:16	12868	6010	6789	0	954	553
18:32:17	12868	6023	6916	0	834	553
18:32:18	12868	6038	7021	0	726	553
18:32:19	12868	6056	7096	0	655	553
18:32:21	12868	6050	7071	0	678	553
18:32:22	12868	6045	7019	0	727	553
18:32:23	12868	6042	7040	0	707	553
18:32:24	12868	6042	7020	0	721	553
18:32:26	12868	6049	7057	0	700	553
18:32:27	12868	6052	7071	0	696	553
18:32:28	12868	6056	7078	0	689	553
18:32:29	12868	6056	7085	0	681	553
18:32:31	12868	6056	7072	0	695	553
18:32:32	12868	6051	7059	0	707	553
18:32:33	12868	6051	7055	0	703	553
18:32:34	12868	6052	7052	0	723	553
18:32:36	12868	6056	7073	0	701	553
18:32:37	12868	6064	7077	0	696	553
18:32:38	12868	6054	7059	0	706	553
18:32:39	12868	6057	7069	0	698	553
18:32:40	12868	6049	7038	0	718	553
18:32:42	12868	6050	7037	0	727	553
18:32:43	12868	6052	7042	0	693	553
18:32:44	12868	6050	7039	0	696	553
18:32:45	12868	6053	7043	0	689	553
18:32:47	12868	6059	7067	0	665	553
18:32:48	12868	6054	7054	0	679	553
18:32:49	12868	6052	7043	0	694	553
18:32:50	12868	6058	7069	0	664	553
18:32:52	12868	6054	7057	0	660	553
18:32:53	12868	6008	6941	0	727	553
18:32:54	12868	6008	6933	0	729	553
18:32:55	12868	6008	6933	0	774	553
18:32:57	12868	6008	6933	0	778	553
18:32:58	12868	6008	6933	0	774	553
18:32:59	12868	6010	6934	0	796	553
