ts_ms,mem_total_kib,mem_free_kib,mem_available_kib,cached_kib,swap_free_kib,mem_some_avg10,mem_some_total_us,mem_full_avg10,mem_full_total_us,io_some_avg10,io_some_total_us,io_full_avg10,io_full_total_us,pgmajfault,pswpin,pswpout,pgscan_kswapd,pgsteal_kswapd,pgscan_direct,pgsteal_direct,kswapd_cpu_ticks
1786383844028,10280960,9304448,8938688,392160,8388592,0,610,0,170,236,533415,174,414873,556,0,0,0,0,0,0,0
1786383844279,10280960,9312752,8947184,392592,8388592,0,610,0,170,236,551047,174,431559,557,0,0,0,0,0,0,0
1786383844530,10280960,9311568,8946080,392720,8388592,0,610,0,170,236,565882,174,446369,557,0,0,0,0,0,0,0
1786383844781,10280960,9309408,8944048,393072,8388592,0,610,0,170,236,580743,174,460699,559,0,0,0,0,0,0,0
1786383845037,10280960,8732864,8680480,962992,8388592,0,610,0,170,236,597095,174,476352,560,0,0,0,0,0,0,0
1786383845290,10280960,8296128,8624560,1343120,8388592,0,610,0,170,338,679368,269,528161,560,0,0,0,0,0,0,0
1786383845544,10280960,7374704,8651104,2291776,8388592,0,610,0,170,338,759414,269,604561,560,0,0,0,0,0,0,0
1786383845797,10280960,6591632,8654256,3077424,8388592,0,610,0,170,338,769692,269,611808,560,0,0,0,0,0,0,0
1786383846047,10280960,5939536,8677136,3751744,8388592,0,610,0,170,338,783521,269,619641,560,0,0,0,0,0,0,0
1786383846298,10280960,5244256,8690160,4459696,8388592,0,610,0,170,338,798422,269,627948,560,0,0,0,0,0,0,0
1786383846548,10280960,4391888,8694992,5316800,8388592,0,610,0,170,338,805851,269,630471,560,0,0,0,0,0,0,0
1786383846799,10280960,3447232,8696096,6262320,8388592,0,610,0,170,338,811733,269,634546,560,0,0,0,0,0,0,0
1786383847049,10280960,2781456,8690480,6922992,8388592,0,610,0,170,338,826724,269,636234,560,0,0,0,0,0,0,0
1786383847300,10280960,2214832,8686656,7484752,8388592,0,610,0,170,404,839574,311,642332,560,0,0,0,0,0,0,0
1786383847553,10280960,1557120,8687360,8143168,8388592,0,610,0,170,404,853765,311,642908,560,0,0,0,0,0,0,0
1786383847807,10280960,894128,8676720,8795424,8388592,0,610,0,170,404,865260,311,648549,561,0,0,0,0,0,0,0
1786383848065,10280960,887568,8671168,8796256,8388592,0,610,0,170,404,896276,311,664726,561,0,0,0,0,0,0,0
1786383848319,10280960,887568,8671408,8796256,8388592,0,610,0,170,404,896276,311,664726,561,0,0,0,0,0,0,0
1786383848570,10280960,887568,8671408,8796256,8388592,0,610,0,170,404,896276,311,664726,561,0,0,0,0,0,0,0
1786383848822,10280960,890048,8673920,8791424,8388592,0,610,0,170,404,896276,311,664726,561,0,0,0,0,0,0,0
1786383849072,10280960,890048,8673920,8791424,8388592,0,610,0,170,385,896276,273,664726,561,0,0,0,0,0,0,0
1786383849323,10280960,890048,8673936,8790816,8388592,0,610,0,170,385,896276,273,664726,561,0,0,0,0,0,0,0
1786383849575,10280960,890048,8673904,8790784,8388592,0,610,0,170,385,896276,273,664726,561,0,0,0,0,0,0,0
1786383849828,10280960,890048,8673904,8790784,8388592,0,610,0,170,385,897193,273,665613,561,0,0,0,0,0,0,0
1786383850083,10280960,889808,8673648,8790880,8388592,0,610,0,170,385,898000,273,666346,562,0,0,0,0,0,0,0
1786383850343,10280960,889808,8673648,8790880,8388592,0,610,0,170,385,898000,273,666346,562,0,0,0,0,0,0,0
1786383850605,10280960,889808,8673648,8790880,8388592,0,610,0,170,385,898000,273,666346,562,0,0,0,0,0,0,0
1786383850867,10280960,889808,8673648,8790896,8388592,0,610,0,170,385,898000,273,666346,562,0,0,0,0,0,0,0
1786383851118,10280960,889808,8673648,8790896,8388592,0,610,0,170,315,898000,223,666346,562,0,0,0,0,0,0,0
1786383851373,10280960,889808,8673648,8790896,8388592,0,610,0,170,315,898000,223,666346,562,0,0,0,0,0,0,0
1786383851632,10280960,889808,8673648,8790896,8388592,0,610,0,170,315,898000,223,666346,562,0,0,0,0,0,0,0
1786383851888,10280960,889808,8673648,8790896,8388592,0,610,0,170,315,898000,223,666346,562,0,0,0,0,0,0,0
1786383852142,10280960,889808,8673648,8790896,8388592,0,610,0,170,315,898000,223,666346,562,0,0,0,0,0,0,0
1786383852394,10280960,889808,8673648,8790896,8388592,0,610,0,170,315,898000,223,666346,562,0,0,0,0,0,0,0
1786383852645,10280960,889104,8673104,8790992,8388592,0,610,0,170,315,915452,223,683752,562,0,0,0,0,0,0,0
1786383852906,10280960,886944,8670976,8790992,8388592,0,610,0,170,315,931835,223,699878,562,0,0,0,0,0,0,0
1786383853162,10280960,884080,8668208,8791120,8388592,0,610,0,170,276,954343,200,722386,562,0,0,0,0,0,0,0
1786383853415,10228736,835776,8620176,8791312,8388592,0,610,0,170,276,965305,200,732502,563,0,0,0,0,0,0,0
1786383853666,9844736,664064,8315392,8658144,8388592,0,10434,0,8135,276,965305,200,732502,563,0,0,8465,8330,0,0,1
1786383853917,9362432,596960,7861152,8269344,8388592,0,13269,0,10970,276,965305,200,732502,563,0,0,32936,32620,0,0,2
1786383854167,8834048,565632,7337184,7775600,8388592,0,16161,0,13860,276,965305,200,732502,563,0,0,64022,63551,0,0,3
1786383854420,8345600,537792,6849696,7314912,8388592,0,18945,0,16643,276,965305,200,732502,563,0,0,92927,92396,0,0,5
1786383854673,8183808,593120,6689152,7098688,8388592,0,20322,0,18021,276,965325,200,732514,565,0,0,106494,105927,0,0,5
1786383854928,8183808,593120,6689152,7098688,8388592,0,20322,0,18021,276,965325,200,732514,565,0,0,106494,105927,0,0,5
1786383855189,8183808,593120,6689152,7098688,8388592,0,20322,0,18021,244,965325,182,732514,565,0,0,106494,105927,0,0,5
1786383855442,8183808,593120,6689152,7098688,8388592,0,20322,0,18021,244,965325,182,732514,565,0,0,106494,105927,0,0,5
1786383855699,8183808,593120,6689152,7098688,8388592,0,20322,0,18021,244,965325,182,732514,565,0,0,106494,105927,0,0,5
1786383855951,8183808,593120,6689152,7098688,8388592,0,20322,0,18021,244,965325,182,732514,565,0,0,106494,105927,0,0,5
1786383856210,8183808,593120,6689152,7098688,8388592,0,20322,0,18021,244,965325,182,732514,565,0,0,106494,105927,0,0,5
1786383856461,8183808,593120,6689152,7098688,8388592,0,20322,0,18021,244,965325,182,732514,565,0,0,106494,105927,0,0,5
1786383856717,8183808,593120,6689152,7098688,8388592,0,20322,0,18021,244,965325,182,732514,565,0,0,106494,105927,0,0,5
1786383856974,8183808,593120,6689152,7098688,8388592,0,20322,0,18021,244,965325,182,732514,565,0,0,106494,105927,0,0,5
1786383857227,8183808,593120,6689152,7098688,8388592,0,20322,0,18021,200,965325,149,732514,565,0,0,106494,105927,0,0,5
1786383857480,8183808,593120,6689152,7098688,8388592,0,20322,0,18021,200,965325,149,732514,565,0,0,106494,105927,0,0,5
1786383857741,8183808,593120,6689152,7098736,8388592,0,20322,0,18021,200,966654,149,733617,566,0,0,106494,105927,0,0,5
1786383858002,8183808,593120,6689152,7098736,8388592,0,20322,0,18021,200,966654,149,733617,566,0,0,106494,105927,0,0,5
1786383858257,8183808,593120,6689152,7098736,8388592,0,20322,0,18021,200,966654,149,733617,566,0,0,106494,105927,0,0,5
1786383858515,8183808,593120,6689152,7098736,8388592,0,20322,0,18021,200,966654,149,733617,566,0,0,106494,105927,0,0,5
1786383858774,8183808,593120,6689152,7098736,8388592,0,20322,0,18021,200,966654,149,733617,566,0,0,106494,105927,0,0,5
1786383859030,8183808,593120,6689152,7098736,8388592,0,20322,0,18021,163,966654,122,733617,566,0,0,106494,105927,0,0,5
1786383859284,8183808,593120,6689152,7098736,8388592,0,20322,0,18021,163,966654,122,733617,566,0,0,106494,105927,0,0,5
1786383859537,8183808,593120,6689152,7098848,8388592,0,20322,0,18021,163,969900,122,736446,570,0,0,106494,105927,0,0,5
1786383859797,8183808,593120,6689152,7098848,8388592,0,20322,0,18021,163,969900,122,736446,570,0,0,106494,105927,0,0,5
1786383860053,8183808,593120,6689152,7098848,8388592,0,20322,0,18021,163,969900,122,736446,570,0,0,106494,105927,0,0,5
1786383860309,8183808,592880,6688912,7098944,8388592,0,20322,0,18021,163,969900,122,736446,570,0,0,106494,105927,0,0,5
1786383860570,8183808,592880,6688912,7098944,8388592,0,20322,0,18021,163,969900,122,736446,570,0,0,106494,105927,0,0,5
1786383860832,8183808,592880,6688912,7098944,8388592,0,20322,0,18021,163,969900,122,736446,570,0,0,106494,105927,0,0,5
1786383861091,8183808,592880,6688912,7098944,8388592,0,20322,0,18021,134,969900,100,736446,570,0,0,106494,105927,0,0,5
1786383861353,8183808,592880,6688912,7098944,8388592,0,20322,0,18021,134,969900,100,736446,570,0,0,106494,105927,0,0,5
1786383861614,8183808,592880,6688912,7098944,8388592,0,20322,0,18021,134,969900,100,736446,570,0,0,106494,105927,0,0,5
1786383861875,8183808,592880,6688912,7098944,8388592,0,20322,0,18021,134,969900,100,736446,570,0,0,106494,105927,0,0,5
1786383862134,8183808,592880,6688912,7098944,8388592,0,20322,0,18021,134,969900,100,736446,570,0,0,106494,105927,0,0,5
1786383862395,8183808,592880,6688912,7098944,8388592,0,20322,0,18021,134,969900,100,736446,570,0,0,106494,105927,0,0,5
1786383862656,8183808,592880,6688912,7098944,8388592,0,20322,0,18021,134,969900,100,736446,570,0,0,106494,105927,0,0,5
1786383862912,8183808,592880,6688912,7098944,8388592,0,20322,0,18021,134,969900,100,736446,570,0,0,106494,105927,0,0,5
1786383863168,8183808,592880,6688912,7098944,8388592,0,20322,0,18021,109,969900,82,736446,570,0,0,106494,105927,0,0,5
1786383863429,8183808,592880,6688912,7098944,8388592,0,20322,0,18021,109,969900,82,736446,570,0,0,106494,105927,0,0,5
1786383863684,8183808,592880,6688912,7098944,8388592,0,20322,0,18021,109,969900,82,736446,570,0,0,106494,105927,0,0,5
1786383863945,8183808,592880,6688912,7098944,8388592,0,20322,0,18021,109,969900,82,736446,570,0,0,106494,105927,0,0,5
1786383864205,8183808,592880,6688912,7098944,8388592,0,20322,0,18021,109,969900,82,736446,570,0,0,106494,105927,0,0,5
1786383864459,8183808,592880,6688912,7098944,8388592,0,20322,0,18021,109,969900,82,736446,570,0,0,106494,105927,0,0,5
1786383864717,8183808,592880,6688912,7098944,8388592,0,20322,0,18021,109,969900,82,736446,570,0,0,106494,105927,0,0,5
1786383864977,8183808,592880,6688912,7098944,8388592,0,20322,0,18021,109,969900,82,736446,570,0,0,106494,105927,0,0,5
1786383865230,8183808,592880,6688912,7098944,8388592,0,20322,0,18021,89,969900,67,736446,570,0,0,106494,105927,0,0,5
1786383865481,8183808,592880,6688912,7098944,8388592,0,20322,0,18021,89,969900,67,736446,570,0,0,106494,105927,0,0,5
1786383865733,8183808,592880,6688912,7098944,8388592,0,20322,0,18021,89,969900,67,736446,570,0,0,106494,105927,0,0,5
1786383865989,8183808,592880,6688912,7098944,8388592,0,20322,0,18021,89,969900,67,736446,570,0,0,106494,105927,0,0,5
1786383866246,8183808,592880,6688912,7098944,8388592,0,20322,0,18021,89,969900,67,736446,570,0,0,106494,105927,0,0,5
1786383866499,8183808,592880,6688912,7098944,8388592,0,20322,0,18021,89,969900,67,736446,570,0,0,106494,105927,0,0,5
1786383866752,8183808,592880,6688912,7098944,8388592,0,20322,0,18021,89,969900,67,736446,570,0,0,106494,105927,0,0,5
1786383867011,8183808,592880,6688912,7098944,8388592,0,20322,0,18021,73,969900,55,736446,570,0,0,106494,105927,0,0,5
1786383867271,8183808,592880,6688912,7098944,8388592,0,20322,0,18021,73,969900,55,736446,570,0,0,106494,105927,0,0,5
1786383867529,8183808,592880,6688912,7098944,8388592,0,20322,0,18021,73,971674,55,738219,572,0,0,106494,105927,0,0,5
1786383867782,8183808,592880,6688912,7098944,8388592,0,20322,0,18021,73,971674,55,738219,572,0,0,106494,105927,0,0,5
1786383868044,8183808,592192,6688272,7098944,8388592,0,20322,0,18021,73,973241,55,739787,573,0,0,106494,105927,0,0,5
1786383868299,8183808,591920,6688176,7099040,8388592,0,20322,0,18021,73,973520,55,739970,574,0,0,106494,105927,0,0,5
1786383868553,8183808,591440,6687968,7099136,8388592,0,20322,0,18021,73,973731,55,740182,574,0,0,106494,105927,0,0,5
1786383868811,8183808,591440,6687968,7099136,8388592,0,20322,0,18021,73,973731,55,740182,574,0,0,106494,105927,0,0,5
1786383869074,8183808,591440,6687968,7099136,8388592,0,20322,0,18021,60,973731,45,740182,574,0,0,106494,105927,0,0,5
1786383869336,8183808,591440,6687968,7099136,8388592,0,20322,0,18021,60,973731,45,740182,574,0,0,106494,105927,0,0,5
1786383869592,8183808,591440,6687968,7099136,8388592,0,20322,0,18021,60,973731,45,740182,574,0,0,106494,105927,0,0,5
1786383869844,8183808,591440,6687968,7099136,8388592,0,20322,0,18021,60,973731,45,740182,574,0,0,106494,105927,0,0,5
1786383870106,8183808,591440,6687968,7099136,8388592,0,20322,0,18021,60,999531,45,765908,575,0,0,106494,105927,0,0,5
1786383870361,8183808,591440,6688016,7099200,8388592,0,20322,0,18021,60,999531,45,765908,575,0,0,106494,105927,0,0,5
1786383870618,8183808,591440,6688016,7099200,8388592,0,20322,0,18021,60,999531,45,765908,575,0,0,106494,105927,0,0,5
1786383870876,8183808,591440,6688016,7099200,8388592,0,20322,0,18021,60,999531,45,765908,575,0,0,106494,105927,0,0,5
1786383871137,8183808,591440,6688016,7099200,8388592,0,20322,0,18021,67,999531,55,765908,575,0,0,106494,105927,0,0,5
1786383871390,8183808,591440,6688016,7099200,8388592,0,20322,0,18021,67,999531,55,765908,575,0,0,106494,105927,0,0,5
1786383871650,8183808,591440,6688016,7099200,8388592,0,20322,0,18021,67,999531,55,765908,575,0,0,106494,105927,0,0,5
1786383871908,8183808,591440,6688016,7099200,8388592,0,20322,0,18021,67,999531,55,765908,575,0,0,106494,105927,0,0,5
1786383872170,8183808,591440,6688016,7099200,8388592,0,20322,0,18021,67,999531,55,765908,575,0,0,106494,105927,0,0,5
1786383872430,8183808,591440,6688016,7099200,8388592,0,20322,0,18021,67,999531,55,765908,575,0,0,106494,105927,0,0,5
1786383872690,8183808,591440,6688016,7099200,8388592,0,20322,0,18021,67,999531,55,765908,575,0,0,106494,105927,0,0,5
1786383872951,8183808,591440,6688016,7099200,8388592,0,20322,0,18021,67,999531,55,765908,575,0,0,106494,105927,0,0,5
1786383873203,8183808,591440,6688016,7099200,8388592,0,20322,0,18021,55,999531,45,765908,575,0,0,106494,105927,0,0,5
1786383873456,8183808,591440,6688016,7099200,8388592,0,20322,0,18021,55,999531,45,765908,575,0,0,106494,105927,0,0,5
1786383873710,8183808,591440,6688016,7099200,8388592,0,20322,0,18021,55,999531,45,765908,575,0,0,106494,105927,0,0,5
1786383873973,8183808,591440,6688016,7099200,8388592,0,20322,0,18021,55,999531,45,765908,575,0,0,106494,105927,0,0,5
1786383874226,8183808,591440,6688016,7099200,8388592,0,20322,0,18021,55,999531,45,765908,575,0,0,106494,105927,0,0,5
1786383874487,8183808,591440,6688016,7099200,8388592,0,20322,0,18021,55,999531,45,765908,575,0,0,106494,105927,0,0,5
1786383874743,8183808,591440,6688016,7099200,8388592,0,20322,0,18021,55,999531,45,765908,575,0,0,106494,105927,0,0,5
1786383875005,8183808,591440,6688016,7099200,8388592,0,20322,0,18021,45,999531,36,765908,575,0,0,106494,105927,0,0,5
1786383875256,8183808,591440,6688016,7099200,8388592,0,20322,0,18021,45,999531,36,765908,575,0,0,106494,105927,0,0,5
1786383875513,8183808,591440,6688016,7099200,8388592,0,20322,0,18021,45,999531,36,765908,575,0,0,106494,105927,0,0,5
1786383875769,8183808,591440,6688016,7099200,8388592,0,20322,0,18021,45,999531,36,765908,575,0,0,106494,105927,0,0,5
1786383876031,8183808,591440,6688016,7099200,8388592,0,20322,0,18021,45,999531,36,765908,575,0,0,106494,105927,0,0,5
1786383876289,8183808,591440,6688016,7099200,8388592,0,20322,0,18021,45,999531,36,765908,575,0,0,106494,105927,0,0,5
1786383876544,8183808,591440,6688016,7099200,8388592,0,20322,0,18021,45,999531,36,765908,575,0,0,106494,105927,0,0,5
1786383876806,8183808,591440,6688016,7099200,8388592,0,20322,0,18021,45,999531,36,765908,575,0,0,106494,105927,0,0,5
1786383877075,8183808,591440,6688016,7099200,8388592,0,20322,0,18021,37,999531,30,765908,575,0,0,106494,105927,0,0,5
1786383877327,8183808,591440,6688016,7099200,8388592,0,20322,0,18021,37,999531,30,765908,575,0,0,106494,105927,0,0,5
1786383877586,8183808,591440,6688016,7099200,8388592,0,20322,0,18021,37,999531,30,765908,575,0,0,106494,105927,0,0,5
1786383877843,8183808,591440,6688016,7099200,8388592,0,20322,0,18021,37,999531,30,765908,575,0,0,106494,105927,0,0,5
1786383878100,8183808,591440,6688016,7099200,8388592,0,20322,0,18021,37,999531,30,765908,575,0,0,106494,105927,0,0,5
1786383878359,8183808,591440,6688016,7099200,8388592,0,20322,0,18021,37,999531,30,765908,575,0,0,106494,105927,0,0,5
1786383878614,8183808,591440,6688016,7099200,8388592,0,20322,0,18021,37,1001513,30,767739,575,0,0,106494,105927,0,0,5
1786383878868,8183808,591440,6688016,7099200,8388592,0,20322,0,18021,37,1001513,30,767739,575,0,0,106494,105927,0,0,5
1786383879128,8183808,591440,6688016,7099200,8388592,0,20322,0,18021,30,1001513,24,767739,575,0,0,106494,105927,0,0,5
1786383879380,8183808,591440,6688016,7099200,8388592,0,20322,0,18021,30,1001513,24,767739,575,0,0,106494,105927,0,0,5
1786383879632,8183808,591440,6688032,7099216,8388592,0,20322,0,18021,30,1038948,24,804887,575,0,0,106494,105927,0,0,5
1786383879884,8183808,591440,6688032,7099216,8388592,0,20322,0,18021,30,1038948,24,804887,575,0,0,106494,105927,0,0,5
1786383880141,8183808,591440,6688032,7099232,8388592,0,20322,0,18021,30,1042827,24,808645,575,0,0,106494,105927,0,0,5
1786383880402,8183808,591440,6688048,7099232,8388592,0,20322,0,18021,30,1042827,24,808645,575,0,0,106494,105927,0,0,5
1786383880661,8183808,591440,6688048,7099232,8388592,0,20322,0,18021,30,1042827,24,808645,575,0,0,106494,105927,0,0,5
1786383880914,8183808,591440,6688048,7099232,8388592,0,20322,0,18021,30,1042827,24,808645,575,0,0,106494,105927,0,0,5
1786383881167,8183808,591440,6688048,7099232,8388592,0,20322,0,18021,61,1042827,56,808645,575,0,0,106494,105927,0,0,5
1786383881427,8183808,591440,6688048,7099232,8388592,0,20322,0,18021,61,1042827,56,808645,575,0,0,106494,105927,0,0,5
1786383881682,8183808,591440,6688048,7099232,8388592,0,20322,0,18021,61,1042827,56,808645,575,0,0,106494,105927,0,0,5
1786383881944,8183808,591440,6688048,7099232,8388592,0,20322,0,18021,61,1042827,56,808645,575,0,0,106494,105927,0,0,5
1786383882197,8183808,591440,6688048,7099232,8388592,0,20322,0,18021,61,1042827,56,808645,575,0,0,106494,105927,0,0,5
1786383882457,8183808,591440,6688048,7099232,8388592,0,20322,0,18021,61,1042827,56,808645,575,0,0,106494,105927,0,0,5
1786383882711,8183808,591440,6688048,7099232,8388592,0,20322,0,18021,61,1042827,56,808645,575,0,0,106494,105927,0,0,5
1786383882969,8183808,591440,6688048,7099232,8388592,0,20322,0,18021,61,1042827,56,808645,575,0,0,106494,105927,0,0,5
1786383883230,8183808,591440,6688048,7099232,8388592,0,20322,0,18021,49,1042827,46,808645,575,0,0,106494,105927,0,0,5
1786383883482,8183808,591440,6688048,7099232,8388592,0,20322,0,18021,49,1042827,46,808645,575,0,0,106494,105927,0,0,5
1786383883742,8183808,591440,6688048,7099232,8388592,0,20322,0,18021,49,1042827,46,808645,575,0,0,106494,105927,0,0,5
1786383884002,8183808,591440,6688048,7099232,8388592,0,20322,0,18021,49,1042827,46,808645,575,0,0,106494,105927,0,0,5
1786383884261,8183808,591440,6688048,7099232,8388592,0,20322,0,18021,49,1042827,46,808645,575,0,0,106494,105927,0,0,5
1786383884521,8183808,591440,6688048,7099232,8388592,0,20322,0,18021,49,1042827,46,808645,575,0,0,106494,105927,0,0,5
1786383884774,8183808,591440,6688048,7099232,8388592,0,20322,0,18021,49,1043095,46,808913,575,0,0,106494,105927,0,0,5
1786383885034,8183808,591440,6688048,7099232,8388592,0,20322,0,18021,40,1043095,37,808913,575,0,0,106494,105927,0,0,5
1786383885293,8183808,591440,6688048,7099232,8388592,0,20322,0,18021,40,1043095,37,808913,575,0,0,106494,105927,0,0,5
1786383885555,8183808,591440,6688048,7099232,8388592,0,20322,0,18021,40,1043095,37,808913,575,0,0,106494,105927,0,0,5
1786383885816,8183808,591440,6688048,7099232,8388592,0,20322,0,18021,40,1043095,37,808913,575,0,0,106494,105927,0,0,5
1786383886068,8183808,591440,6688048,7099232,8388592,0,20322,0,18021,40,1043095,37,808913,575,0,0,106494,105927,0,0,5
1786383886322,8183808,591440,6688048,7099232,8388592,0,20322,0,18021,40,1043095,37,808913,575,0,0,106494,105927,0,0,5
1786383886584,8183808,591440,6688048,7099232,8388592,0,20322,0,18021,40,1043095,37,808913,575,0,0,106494,105927,0,0,5
1786383886840,8183808,591440,6688048,7099232,8388592,0,20322,0,18021,40,1043095,37,808913,575,0,0,106494,105927,0,0,5
1786383887098,8183808,591440,6688048,7099232,8388592,0,20322,0,18021,33,1043095,30,808913,575,0,0,106494,105927,0,0,5
1786383887357,8183808,591440,6688048,7099232,8388592,0,20322,0,18021,33,1043095,30,808913,575,0,0,106494,105927,0,0,5
1786383887619,8183808,591440,6688048,7099232,8388592,0,20322,0,18021,33,1043095,30,808913,575,0,0,106494,105927,0,0,5
1786383887874,8183808,591440,6688048,7099232,8388592,0,20322,0,18021,33,1043095,30,808913,575,0,0,106494,105927,0,0,5
1786383888135,8183808,591440,6688048,7099232,8388592,0,20322,0,18021,33,1043095,30,808913,575,0,0,106494,105927,0,0,5
1786383888397,8183808,591440,6688048,7099232,8388592,0,20322,0,18021,33,1043095,30,808913,575,0,0,106494,105927,0,0,5
1786383888658,8183808,591440,6688048,7099232,8388592,0,20322,0,18021,33,1043095,30,808913,575,0,0,106494,105927,0,0,5
1786383888910,8183808,591440,6688048,7099232,8388592,0,20322,0,18021,33,1043095,30,808913,575,0,0,106494,105927,0,0,5
1786383889165,8183808,591440,6688048,7099232,8388592,0,20322,0,18021,27,1043095,25,808913,575,0,0,106494,105927,0,0,5
1786383889425,8183808,591440,6688048,7099232,8388592,0,20322,0,18021,27,1043095,25,808913,575,0,0,106494,105927,0,0,5
1786383889681,8183808,591440,6688048,7099232,8388592,0,20322,0,18021,27,1043095,25,808913,575,0,0,106494,105927,0,0,5
1786383889941,8183808,591440,6688048,7099232,8388592,0,20322,0,18021,27,1043095,25,808913,575,0,0,106494,105927,0,0,5
1786383890199,8183808,591440,6688048,7099232,8388592,0,20322,0,18021,27,1043095,25,808913,575,0,0,106494,105927,0,0,5
1786383890451,8183808,591440,6688048,7099232,8388592,0,20322,0,18021,27,1043095,25,808913,575,0,0,106494,105927,0,0,5
1786383890703,8183808,591440,6688048,7099232,8388592,0,20322,0,18021,27,1043095,25,808913,575,0,0,106494,105927,0,0,5
1786383890965,8183808,591440,6688048,7099232,8388592,0,20322,0,18021,27,1043095,25,808913,575,0,0,106494,105927,0,0,5
1786383891218,8183808,591440,6688048,7099232,8388592,0,20322,0,18021,22,1043095,20,808913,575,0,0,106494,105927,0,0,5
1786383891469,8183808,591440,6688048,7099232,8388592,0,20322,0,18021,22,1043095,20,808913,575,0,0,106494,105927,0,0,5
1786383891722,8183808,591440,6688048,7099232,8388592,0,20322,0,18021,22,1043095,20,808913,575,0,0,106494,105927,0,0,5
1786383891983,8183808,591440,6688048,7099232,8388592,0,20322,0,18021,22,1043095,20,808913,575,0,0,106494,105927,0,0,5
1786383892239,8183808,591440,6688048,7099232,8388592,0,20322,0,18021,22,1043095,20,808913,575,0,0,106494,105927,0,0,5
1786383892493,8183808,591440,6688048,7099232,8388592,0,20322,0,18021,22,1043095,20,808913,575,0,0,106494,105927,0,0,5
1786383892753,8183808,591440,6688048,7099232,8388592,0,20322,0,18021,22,1043095,20,808913,575,0,0,106494,105927,0,0,5
1786383893013,8183808,591440,6688048,7099232,8388592,0,20322,0,18021,18,1043095,16,808913,575,0,0,106494,105927,0,0,5
1786383893268,8183808,591440,6688048,7099232,8388592,0,20322,0,18021,18,1043095,16,808913,575,0,0,106494,105927,0,0,5
1786383893529,8183808,591440,6688048,7099232,8388592,0,20322,0,18021,18,1043095,16,808913,575,0,0,106494,105927,0,0,5
1786383893788,8183808,591440,6688048,7099232,8388592,0,20322,0,18021,18,1043095,16,808913,575,0,0,106494,105927,0,0,5
1786383894044,8183808,591440,6688048,7099232,8388592,0,20322,0,18021,18,1043095,16,808913,575,0,0,106494,105927,0,0,5
1786383894306,8183808,591440,6688048,7099232,8388592,0,20322,0,18021,18,1043095,16,808913,575,0,0,106494,105927,0,0,5
1786383894563,8183808,591440,6688048,7099232,8388592,0,20322,0,18021,18,1043095,16,808913,575,0,0,106494,105927,0,0,5
1786383894823,8183808,591440,6688048,7099232,8388592,0,20322,0,18021,18,1043095,16,808913,575,0,0,106494,105927,0,0,5
1786383895081,8183808,591440,6688048,7099232,8388592,0,20322,0,18021,14,1043095,13,808913,575,0,0,106494,105927,0,0,5
1786383895333,8183808,591440,6688048,7099232,8388592,0,20322,0,18021,14,1043095,13,808913,575,0,0,106494,105927,0,0,5
1786383895587,8183808,591440,6688048,7099232,8388592,0,20322,0,18021,14,1043095,13,808913,575,0,0,106494,105927,0,0,5
1786383895840,8183808,591440,6688048,7099232,8388592,0,20322,0,18021,14,1043095,13,808913,575,0,0,106494,105927,0,0,5
1786383896098,8183808,591440,6688048,7099232,8388592,0,20322,0,18021,14,1043095,13,808913,575,0,0,106494,105927,0,0,5
1786383896349,8183808,591440,6688048,7099232,8388592,0,20322,0,18021,14,1043095,13,808913,575,0,0,106494,105927,0,0,5
1786383896606,8183808,591440,6688048,7099232,8388592,0,20322,0,18021,14,1043095,13,808913,575,0,0,106494,105927,0,0,5
1786383896859,8183808,591440,6688048,7099232,8388592,0,20322,0,18021,14,1043095,13,808913,575,0,0,106494,105927,0,0,5
1786383897120,8183808,591440,6688048,7099232,8388592,0,20322,0,18021,12,1043095,11,808913,575,0,0,106494,105927,0,0,5
1786383897379,8183808,591440,6688048,7099232,8388592,0,20322,0,18021,12,1043095,11,808913,575,0,0,106494,105927,0,0,5
1786383897636,8183808,591440,6688048,7099232,8388592,0,20322,0,18021,12,1043095,11,808913,575,0,0,106494,105927,0,0,5
1786383897893,8183808,591440,6688048,7099232,8388592,0,20322,0,18021,12,1043095,11,808913,575,0,0,106494,105927,0,0,5
1786383898145,8183808,591440,6688048,7099232,8388592,0,20322,0,18021,12,1043095,11,808913,575,0,0,106494,105927,0,0,5
1786383898401,8183808,591440,6688048,7099232,8388592,0,20322,0,18021,12,1043095,11,808913,575,0,0,106494,105927,0,0,5
1786383898657,8183808,590752,6687360,7099232,8388592,0,20322,0,18021,12,1043095,11,808913,575,0,0,106494,105927,0,0,5
1786383898913,8183808,590752,6687360,7099232,8388592,0,20322,0,18021,12,1043095,11,808913,575,0,0,106494,105927,0,0,5
1786383899174,8183808,590752,6687360,7099232,8388592,0,20322,0,18021,10,1043095,9,808913,575,0,0,106494,105927,0,0,5
1786383899434,8183808,590480,6687088,7099232,8388592,0,20322,0,18021,10,1043095,9,808913,575,0,0,106494,105927,0,0,5
1786383899692,8183808,590480,6687088,7099232,8388592,0,20322,0,18021,10,1043095,9,808913,575,0,0,106494,105927,0,0,5
1786383899946,8183808,590480,6687088,7099232,8388592,0,20322,0,18021,10,1043095,9,808913,575,0,0,106494,105927,0,0,5
1786383900205,8183808,590480,6687088,7099248,8388592,0,20322,0,18021,10,1043095,9,808913,575,0,0,106494,105927,0,0,5
1786383900468,8183808,590480,6687088,7099248,8388592,0,20322,0,18021,10,1043095,9,808913,575,0,0,106494,105927,0,0,5
1786383900722,8183808,590480,6687088,7099248,8388592,0,20322,0,18021,10,1043095,9,808913,575,0,0,106494,105927,0,0,5
1786383900978,8183808,590480,6687088,7099248,8388592,0,20322,0,18021,10,1043095,9,808913,575,0,0,106494,105927,0,0,5
1786383901240,8183808,590480,6687088,7099248,8388592,0,20322,0,18021,8,1043095,7,808913,575,0,0,106494,105927,0,0,5
1786383901495,8183808,590480,6687088,7099248,8388592,0,20322,0,18021,8,1043095,7,808913,575,0,0,106494,105927,0,0,5
1786383901755,8183808,590480,6687088,7099248,8388592,0,20322,0,18021,8,1043095,7,808913,575,0,0,106494,105927,0,0,5
1786383902016,8183808,590480,6687088,7099248,8388592,0,20322,0,18021,8,1043095,7,808913,575,0,0,106494,105927,0,0,5
1786383902275,8183808,590480,6687088,7099248,8388592,0,20322,0,18021,8,1043095,7,808913,575,0,0,106494,105927,0,0,5
1786383902527,8183808,590480,6687088,7099248,8388592,0,20322,0,18021,8,1043095,7,808913,575,0,0,106494,105927,0,0,5
1786383902780,8183808,590480,6687088,7099248,8388592,0,20322,0,18021,8,1043095,7,808913,575,0,0,106494,105927,0,0,5
1786383903036,8183808,590480,6687088,7099248,8388592,0,20322,0,18021,6,1043095,6,808913,575,0,0,106494,105927,0,0,5
1786383903288,8183808,590480,6687088,7099248,8388592,0,20322,0,18021,6,1043095,6,808913,575,0,0,106494,105927,0,0,5
1786383903541,8183808,590480,6687088,7099248,8388592,0,20322,0,18021,6,1043095,6,808913,575,0,0,106494,105927,0,0,5
1786383903803,8183808,590480,6687088,7099248,8388592,0,20322,0,18021,6,1043095,6,808913,575,0,0,106494,105927,0,0,5
1786383904062,8183808,590480,6687088,7099248,8388592,0,20322,0,18021,6,1043095,6,808913,575,0,0,106494,105927,0,0,5
1786383904317,8183808,590480,6687088,7099248,8388592,0,20322,0,18021,6,1043095,6,808913,575,0,0,106494,105927,0,0,5
1786383904577,8183808,590480,6687088,7099248,8388592,0,20322,0,18021,6,1043095,6,808913,575,0,0,106494,105927,0,0,5
1786383904839,8183808,590480,6687088,7099248,8388592,0,20322,0,18021,6,1043095,6,808913,575,0,0,106494,105927,0,0,5
1786383905098,8183808,590480,6687088,7099248,8388592,0,20322,0,18021,5,1043095,5,808913,575,0,0,106494,105927,0,0,5
1786383905354,8183808,590480,6687088,7099248,8388592,0,20322,0,18021,5,1043095,5,808913,575,0,0,106494,105927,0,0,5
1786383905613,8183808,590480,6687088,7099248,8388592,0,20322,0,18021,5,1043095,5,808913,575,0,0,106494,105927,0,0,5
1786383905874,8183808,590480,6687088,7099248,8388592,0,20322,0,18021,5,1043095,5,808913,575,0,0,106494,105927,0,0,5
1786383906131,8183808,590480,6687088,7099248,8388592,0,20322,0,18021,5,1043095,5,808913,575,0,0,106494,105927,0,0,5
1786383906393,8183808,590480,6687088,7099248,8388592,0,20322,0,18021,5,1043095,5,808913,575,0,0,106494,105927,0,0,5
1786383906653,8183808,590480,6687088,7099248,8388592,0,20322,0,18021,5,1043095,5,808913,575,0,0,106494,105927,0,0,5
1786383906904,8183808,590480,6687088,7099248,8388592,0,20322,0,18021,5,1043095,5,808913,575,0,0,106494,105927,0,0,5
1786383907165,8183808,590480,6687088,7099248,8388592,0,20322,0,18021,4,1043095,4,808913,575,0,0,106494,105927,0,0,5
1786383907425,8183808,590480,6687088,7099248,8388592,0,20322,0,18021,4,1043095,4,808913,575,0,0,106494,105927,0,0,5
1786383907678,8183808,590480,6687088,7099248,8388592,0,20322,0,18021,4,1043095,4,808913,575,0,0,106494,105927,0,0,5
1786383907930,8183808,590480,6687088,7099248,8388592,0,20322,0,18021,4,1043095,4,808913,575,0,0,106494,105927,0,0,5
1786383908186,8183808,590480,6687088,7099248,8388592,0,20322,0,18021,4,1043095,4,808913,575,0,0,106494,105927,0,0,5
1786383908444,8183808,590480,6687088,7099248,8388592,0,20322,0,18021,4,1043095,4,808913,575,0,0,106494,105927,0,0,5
1786383908697,8183808,590480,6687088,7099248,8388592,0,20322,0,18021,4,1043095,4,808913,575,0,0,106494,105927,0,0,5
1786383908952,8183808,590480,6687088,7099248,8388592,0,20322,0,18021,4,1043095,4,808913,575,0,0,106494,105927,0,0,5
1786383909204,8183808,590480,6687088,7099248,8388592,0,20322,0,18021,3,1043095,3,808913,575,0,0,106494,105927,0,0,5
1786383909456,8183808,590480,6687088,7099248,8388592,0,20322,0,18021,3,1043095,3,808913,575,0,0,106494,105927,0,0,5
1786383909708,8183808,590480,6687088,7099248,8388592,0,20322,0,18021,3,1043095,3,808913,575,0,0,106494,105927,0,0,5
1786383909961,8183808,590480,6687088,7099248,8388592,0,20322,0,18021,3,1062463,3,828207,575,0,0,106494,105927,0,0,5
1786383910222,8183808,590480,6687088,7099248,8388592,0,20322,0,18021,3,1062463,3,828207,575,0,0,106494,105927,0,0,5
1786383910475,8183808,590480,6687088,7099264,8388592,0,20322,0,18021,3,1062463,3,828207,575,0,0,106494,105927,0,0,5
1786383910737,8183808,590480,6687088,7099264,8388592,0,20322,0,18021,3,1062463,3,828207,575,0,0,106494,105927,0,0,5
1786383910998,8183808,590480,6687088,7099264,8388592,0,20322,0,18021,3,1062463,3,828207,575,0,0,106494,105927,0,0,5
1786383911256,8183808,590480,6687088,7099264,8388592,0,20322,0,18021,2,1062463,2,828207,575,0,0,106494,105927,0,0,5
1786383911518,8183808,590480,6687088,7099264,8388592,0,20322,0,18021,2,1062463,2,828207,575,0,0,106494,105927,0,0,5
1786383911772,8183808,590480,6687088,7099264,8388592,0,20322,0,18021,2,1062463,2,828207,575,0,0,106494,105927,0,0,5
1786383912024,8183808,590480,6687088,7099264,8388592,0,20322,0,18021,2,1062463,2,828207,575,0,0,106494,105927,0,0,5
1786383912282,8183808,590480,6687088,7099264,8388592,0,20322,0,18021,2,1062463,2,828207,575,0,0,106494,105927,0,0,5
1786383912534,8183808,590480,6687088,7099264,8388592,0,20322,0,18021,2,1062463,2,828207,575,0,0,106494,105927,0,0,5
1786383912794,8183808,590480,6687088,7099264,8388592,0,20322,0,18021,2,1062463,2,828207,575,0,0,106494,105927,0,0,5
1786383913047,8183808,590480,6687088,7099264,8388592,0,20322,0,18021,2,1062463,2,828207,575,0,0,106494,105927,0,0,5
1786383913299,8183808,590480,6687088,7099264,8388592,0,20322,0,18021,2,1062463,2,828207,575,0,0,106494,105927,0,0,5
1786383913555,8183808,590480,6687088,7099264,8388592,0,20322,0,18021,2,1062463,2,828207,575,0,0,106494,105927,0,0,5
1786383913807,8183808,590480,6687088,7099264,8388592,0,20322,0,18021,2,1062463,2,828207,575,0,0,106494,105927,0,0,5
1786383914059,8183808,590480,6687088,7099264,8388592,0,20322,0,18021,2,1062463,2,828207,575,0,0,106494,105927,0,0,5
1786383914312,8183808,590480,6687088,7099264,8388592,0,20322,0,18021,2,1062463,2,828207,575,0,0,106494,105927,0,0,5
1786383914564,8183808,590480,6687088,7099264,8388592,0,20322,0,18021,2,1062463,2,828207,575,0,0,106494,105927,0,0,5
1786383914824,8183808,590480,6687088,7099264,8388592,0,20322,0,18021,2,1062463,2,828207,575,0,0,106494,105927,0,0,5
1786383915085,8183808,590480,6687088,7099264,8388592,0,20322,0,18021,1,1062463,1,828207,575,0,0,106494,105927,0,0,5
1786383915341,8183808,590480,6687088,7099264,8388592,0,20322,0,18021,1,1062463,1,828207,575,0,0,106494,105927,0,0,5
1786383915595,8183808,590480,6687088,7099264,8388592,0,20322,0,18021,1,1062463,1,828207,575,0,0,106494,105927,0,0,5
1786383915846,8183808,588400,6685008,7099952,8388592,0,20322,0,18021,1,1088190,1,853934,589,0,0,106494,105927,0,0,5
1786383916097,8183808,577392,6681168,7106832,8388592,0,20322,0,18021,1,1103408,1,868696,604,0,0,106494,105927,0,0,5
1786383916348,8183808,428944,6428160,7001888,8388592,0,20662,0,18360,1,1114131,1,879403,607,0,0,113166,112581,0,0,5
1786383916601,8183808,614176,5726704,6115360,8388592,0,172227,0,169922,1,1114131,1,879403,607,0,0,167334,166739,1280,1280,7
1786383916855,8183808,503872,4526864,5025824,8388592,0,268599,0,266293,1,1114131,1,879403,607,0,0,232998,232403,3712,3712,10
1786383917106,8183808,574416,4453744,4882224,8388592,271,371767,271,367993,55,1130902,55,895731,620,0,0,242022,241427,3712,3712,10
1786383917395,8183808,537216,4198704,4665824,8388592,271,566980,271,563018,55,1147264,55,908986,620,0,0,254822,254222,4480,4480,11
1786383917646,8183808,535008,3806176,4275040,8388592,271,742756,271,738794,55,1147374,55,909096,620,0,0,278694,278094,5052,5052,11
1786383917896,8183808,496496,3403296,4134912,8388592,271,744585,271,740621,55,1158147,55,917179,628,0,0,300518,299917,5170,5170,12
1786383918147,8183808,555664,3397792,4080560,8388592,271,744809,271,740845,55,1158394,55,917426,628,0,0,303974,303373,5170,5170,12
1786383918401,8183808,554848,3396272,4080704,8388592,271,744809,271,740845,55,1158394,55,917426,628,0,0,303974,303373,5170,5170,12
1786383918653,8183808,542016,3384144,4081408,8388592,271,744809,271,740845,55,1174428,55,932223,643,0,0,303974,303373,5170,5170,12
1786383918906,8099840,584144,3301504,3956320,8388592,271,745184,271,741220,55,1189478,55,947265,644,0,0,312294,311629,5170,5170,13
1786383919157,7599104,558752,2805168,3483520,8388592,584,746253,584,742289,82,1189478,81,947265,644,0,0,341350,340749,5170,5170,14
1786383919408,7183360,517712,2384752,3102736,8388592,584,746845,584,742880,82,1189478,81,947265,644,0,0,365158,364557,5170,5170,15
1786383919659,6729728,498192,1932688,2669584,8388592,584,747617,584,743652,82,1189478,81,947265,644,0,0,392230,391629,5170,5170,15
1786383919912,6461440,505152,1664128,2394128,8388592,584,747964,584,744000,82,1189478,81,947265,644,0,0,409446,408845,5170,5170,16
1786383920163,5985280,478992,1188336,1944592,8388592,584,748873,584,744909,82,1189478,81,947265,644,0,0,437542,436941,5170,5170,17
1786383920418,5562368,546912,766656,1455120,8388592,584,750342,584,746376,82,1189478,81,947265,644,0,0,468134,467533,5170,5170,18
1786383920675,5562368,546912,766656,1455120,8388592,584,750342,584,746376,82,1189478,81,947265,644,0,0,468134,467533,5170,5170,18
1786383920927,5562368,546912,766656,1455120,8388592,584,750342,584,746376,82,1189478,81,947265,644,0,0,468134,467533,5170,5170,18
1786383921189,5562368,546912,766656,1455120,8388592,478,750342,478,746376,67,1189478,67,947265,644,0,0,468134,467533,5170,5170,18
1786383921441,5562368,546912,766656,1455120,8388592,478,750342,478,746376,67,1189478,67,947265,644,0,0,468134,467533,5170,5170,18
1786383921694,5562368,546912,766656,1455120,8388592,478,750342,478,746376,67,1189478,67,947265,644,0,0,468134,467533,5170,5170,18
1786383921949,5562368,546912,766656,1455120,8388592,478,750342,478,746376,67,1189478,67,947265,644,0,0,468134,467533,5170,5170,18
1786383922206,5562368,546912,766656,1455120,8388592,478,750342,478,746376,67,1189478,67,947265,644,0,0,468134,467533,5170,5170,18
1786383922460,5562368,546912,766656,1455120,8388592,478,750342,478,746376,67,1189478,67,947265,644,0,0,468134,467533,5170,5170,18
1786383922713,5562368,546912,766656,1455120,8388592,478,750342,478,746376,67,1189478,67,947265,644,0,0,468134,467533,5170,5170,18
1786383922964,5562368,546912,766656,1455120,8388592,478,750342,478,746376,67,1189478,67,947265,644,0,0,468134,467533,5170,5170,18
1786383923217,5562368,546912,766656,1455120,8388592,392,750342,392,746376,54,1189478,54,947265,644,0,0,468134,467533,5170,5170,18
1786383923474,5562368,546912,766656,1455120,8388592,392,750342,392,746376,54,1189478,54,947265,644,0,0,468134,467533,5170,5170,18
1786383923731,5562368,546912,766656,1455120,8388592,392,750342,392,746376,54,1189478,54,947265,644,0,0,468134,467533,5170,5170,18
1786383923987,5562368,546912,766656,1455120,8388592,392,750342,392,746376,54,1189478,54,947265,644,0,0,468134,467533,5170,5170,18
1786383924248,5562368,546912,766656,1455120,8388592,392,750342,392,746376,54,1189478,54,947265,644,0,0,468134,467533,5170,5170,18
1786383924500,5562368,546912,766656,1455120,8388592,392,750342,392,746376,54,1189478,54,947265,644,0,0,468134,467533,5170,5170,18
1786383924762,5562368,546912,766656,1455120,8388592,392,750342,392,746376,54,1189478,54,947265,644,0,0,468134,467533,5170,5170,18
1786383925019,5562368,546912,766656,1455120,8388592,392,750342,392,746376,54,1189478,54,947265,644,0,0,468134,467533,5170,5170,18
1786383925277,5562368,546912,766656,1455120,8388592,321,750342,321,746376,44,1189478,44,947265,644,0,0,468134,467533,5170,5170,18
1786383925530,5562368,546912,766656,1455120,8388592,321,750342,321,746376,44,1189478,44,947265,644,0,0,468134,467533,5170,5170,18
1786383925782,5562368,546912,766656,1455120,8388592,321,750342,321,746376,44,1189478,44,947265,644,0,0,468134,467533,5170,5170,18
1786383926036,5562368,546912,766656,1455120,8388592,321,750342,321,746376,44,1189478,44,947265,644,0,0,468134,467533,5170,5170,18
1786383926294,5562368,546912,766656,1455120,8388592,321,750342,321,746376,44,1189478,44,947265,644,0,0,468134,467533,5170,5170,18
1786383926553,5562368,546912,766656,1455120,8388592,321,750342,321,746376,44,1189478,44,947265,644,0,0,468134,467533,5170,5170,18
1786383926814,5562368,544304,763360,1455120,8388592,321,829264,321,825299,44,1189478,44,947265,644,0,0,468134,467533,5170,5170,18
1786383927075,5562368,544416,763472,1455120,8388592,389,898724,389,894759,36,1197516,36,955301,644,0,0,468134,467533,5170,5170,18
1786383927328,5562368,544416,763472,1455120,8388592,389,898724,389,894759,36,1197516,36,955301,644,0,0,468134,467533,5170,5170,18
1786383927587,5562368,544976,764096,1454480,8388592,389,898724,389,894759,36,1197516,36,955301,644,0,0,468134,467533,5170,5170,18
1786383927841,5562368,544976,764096,1454480,8388592,389,898724,389,894759,36,1197516,36,955301,644,0,0,468134,467533,5170,5170,18
1786383928092,5562368,544976,764096,1454480,8388592,389,898724,389,894759,36,1197516,36,955301,644,0,0,468134,467533,5170,5170,18
1786383928351,5562368,544976,764096,1454480,8388592,389,898724,389,894759,36,1197516,36,955301,644,0,0,468134,467533,5170,5170,18
1786383928611,5562368,544736,763856,1454480,8388592,389,898724,389,894759,36,1197516,36,955301,644,0,0,468134,467533,5170,5170,18
1786383928867,5562368,544736,763856,1454480,8388592,389,898724,389,894759,36,1197516,36,955301,644,0,0,468134,467533,5170,5170,18
1786383929125,5562368,544736,763856,1454480,8388592,319,898724,319,894759,30,1197516,30,955301,644,0,0,468134,467533,5170,5170,18
1786383929386,5562368,544736,763856,1454480,8388592,319,898724,319,894759,30,1197516,30,955301,644,0,0,468134,467533,5170,5170,18
1786383929642,5562368,544736,763856,1454480,8388592,319,898724,319,894759,30,1197516,30,955301,644,0,0,468134,467533,5170,5170,18
1786383929903,5562368,544736,763856,1454480,8388592,319,898724,319,894759,30,1197516,30,955301,644,0,0,468134,467533,5170,5170,18
1786383930165,5562368,544736,763856,1454480,8388592,319,898724,319,894759,30,1197516,30,955301,644,0,0,468134,467533,5170,5170,18
1786383930419,5562368,544736,763856,1454480,8388592,319,898724,319,894759,30,1197516,30,955301,644,0,0,468134,467533,5170,5170,18
1786383930671,5562368,544736,763856,1454480,8388592,319,898724,319,894759,30,1197516,30,955301,644,0,0,468134,467533,5170,5170,18
1786383930932,5562368,544736,763856,1454480,8388592,319,898724,319,894759,30,1197516,30,955301,644,0,0,468134,467533,5170,5170,18
1786383931186,5562368,544736,763856,1454480,8388592,261,898724,261,894759,24,1197516,24,955301,644,0,0,468134,467533,5170,5170,18
1786383931447,5562368,544736,763856,1454480,8388592,261,898724,261,894759,24,1197516,24,955301,644,0,0,468134,467533,5170,5170,18
1786383931708,5562368,544736,763856,1454480,8388592,261,898724,261,894759,24,1197516,24,955301,644,0,0,468134,467533,5170,5170,18
1786383931960,5562368,544736,763856,1454480,8388592,261,898724,261,894759,24,1197516,24,955301,644,0,0,468134,467533,5170,5170,18
1786383932218,5562368,544736,763856,1454480,8388592,261,898724,261,894759,24,1197516,24,955301,644,0,0,468134,467533,5170,5170,18
1786383932474,5562368,544736,763856,1454480,8388592,261,898724,261,894759,24,1197516,24,955301,644,0,0,468134,467533,5170,5170,18
1786383932735,5562368,544736,763856,1454480,8388592,261,898724,261,894759,24,1197516,24,955301,644,0,0,468134,467533,5170,5170,18
1786383932993,5562368,544736,763856,1454480,8388592,261,898724,261,894759,24,1197516,24,955301,644,0,0,468134,467533,5170,5170,18
1786383933246,5562368,544736,763856,1454480,8388592,213,898724,213,894759,20,1197516,20,955301,644,0,0,468134,467533,5170,5170,18
1786383933505,5562368,544736,763856,1454480,8388592,213,898724,213,894759,20,1197516,20,955301,644,0,0,468134,467533,5170,5170,18
1786383933765,5562368,544736,763856,1454480,8388592,213,898724,213,894759,20,1197516,20,955301,644,0,0,468134,467533,5170,5170,18
1786383934022,5562368,544736,763856,1454480,8388592,213,898724,213,894759,20,1197516,20,955301,644,0,0,468134,467533,5170,5170,18
1786383934284,5562368,544736,763856,1454480,8388592,213,898724,213,894759,20,1197516,20,955301,644,0,0,468134,467533,5170,5170,18
1786383934540,5562368,544736,763856,1454480,8388592,213,898724,213,894759,20,1197516,20,955301,644,0,0,468134,467533,5170,5170,18
1786383934801,5562368,544736,763856,1454480,8388592,213,898724,213,894759,20,1197516,20,955301,644,0,0,468134,467533,5170,5170,18
1786383935055,5562368,544736,763856,1454480,8388592,175,898724,175,894759,16,1197516,16,955301,644,0,0,468134,467533,5170,5170,18
1786383935316,5562368,544736,763856,1454480,8388592,175,898724,175,894759,16,1197516,16,955301,644,0,0,468134,467533,5170,5170,18
1786383935577,5562368,544736,763856,1454480,8388592,175,898724,175,894759,16,1197516,16,955301,644,0,0,468134,467533,5170,5170,18
1786383935836,5562368,544736,763856,1454480,8388592,175,898724,175,894759,16,1197516,16,955301,644,0,0,468134,467533,5170,5170,18
1786383936090,5562368,544736,763856,1454480,8388592,175,898724,175,894759,16,1197516,16,955301,644,0,0,468134,467533,5170,5170,18
1786383936342,5562368,544736,763856,1454480,8388592,175,898724,175,894759,16,1197516,16,955301,644,0,0,468134,467533,5170,5170,18
1786383936604,5562368,544736,763856,1454480,8388592,175,898724,175,894759,16,1197516,16,955301,644,0,0,468134,467533,5170,5170,18
1786383936857,5562368,544736,763856,1454480,8388592,175,898724,175,894759,16,1197516,16,955301,644,0,0,468134,467533,5170,5170,18
1786383937109,5562368,544736,763856,1454480,8388592,143,898724,143,894759,13,1197516,13,955301,644,0,0,468134,467533,5170,5170,18
1786383937362,5562368,544736,763856,1454480,8388592,143,898724,143,894759,13,1197516,13,955301,644,0,0,468134,467533,5170,5170,18
1786383937614,5562368,558800,774480,1454480,8388592,143,976168,143,972190,13,1197798,13,955584,644,0,0,468134,467533,5170,5170,18
1786383937882,5562368,548688,763680,1452416,8388592,143,1013306,143,1009329,13,1197798,13,955584,644,0,0,468134,467533,5170,5170,18
1786383938135,5562368,548688,763680,1452416,8388592,143,1013306,143,1009329,13,1197798,13,955584,644,0,0,468134,467533,5170,5170,18
1786383938396,5562368,548688,763680,1452416,8388592,143,1013306,143,1009329,13,1197798,13,955584,644,0,0,468134,467533,5170,5170,18
1786383938650,5562368,548176,764048,1451280,8388592,143,1013306,143,1009329,13,1197798,13,955584,644,0,0,468134,467533,5170,5170,18
1786383938908,5562368,548176,764048,1451280,8388592,143,1013306,143,1009329,13,1197798,13,955584,644,0,0,468134,467533,5170,5170,18
1786383939160,5562368,548176,764048,1451280,8388592,208,1013306,208,1009329,11,1197798,11,955584,644,0,0,468134,467533,5170,5170,18
1786383939417,5562368,548176,764048,1451280,8388592,208,1013306,208,1009329,11,1197798,11,955584,644,0,0,468134,467533,5170,5170,18
1786383939678,5562368,548176,764048,1451280,8388592,208,1013306,208,1009329,11,1197798,11,955584,644,0,0,468134,467533,5170,5170,18
1786383939939,5562368,548176,764048,1451280,8388592,208,1013306,208,1009329,11,1197798,11,955584,644,0,0,468134,467533,5170,5170,18
1786383940194,5562368,548176,764048,1451280,8388592,208,1013306,208,1009329,11,1197798,11,955584,644,0,0,468134,467533,5170,5170,18
1786383940454,5562368,548176,764048,1451280,8388592,208,1013306,208,1009329,11,1197798,11,955584,644,0,0,468134,467533,5170,5170,18
1786383940711,5562368,548176,764048,1451280,8388592,208,1013306,208,1009329,11,1197798,11,955584,644,0,0,468134,467533,5170,5170,18
1786383940971,5562368,548176,764048,1451280,8388592,208,1013306,208,1009329,11,1197798,11,955584,644,0,0,468134,467533,5170,5170,18
1786383941223,5562368,548176,764048,1451280,8388592,170,1013306,170,1009329,9,1197798,9,955584,644,0,0,468134,467533,5170,5170,18
1786383941475,5562368,548176,764048,1451280,8388592,170,1013306,170,1009329,9,1197798,9,955584,644,0,0,468134,467533,5170,5170,18
1786383941728,5562368,548176,764048,1451280,8388592,170,1013306,170,1009329,9,1197798,9,955584,644,0,0,468134,467533,5170,5170,18
1786383941988,5562368,548176,764048,1451280,8388592,170,1013306,170,1009329,9,1197798,9,955584,644,0,0,468134,467533,5170,5170,18
1786383942244,5562368,548176,764048,1451280,8388592,170,1013306,170,1009329,9,1197798,9,955584,644,0,0,468134,467533,5170,5170,18
1786383942503,5562368,548176,764048,1451280,8388592,170,1013306,170,1009329,9,1197798,9,955584,644,0,0,468134,467533,5170,5170,18
1786383942761,5562368,548176,764048,1451280,8388592,170,1013306,170,1009329,9,1197798,9,955584,644,0,0,468134,467533,5170,5170,18
1786383943021,5562368,548176,764048,1451280,8388592,170,1013306,170,1009329,9,1197798,9,955584,644,0,0,468134,467533,5170,5170,18
1786383943279,5562368,548176,764048,1451280,8388592,139,1013306,139,1009329,7,1197798,7,955584,644,0,0,468134,467533,5170,5170,18
1786383943531,5562368,548176,764048,1451280,8388592,139,1013306,139,1009329,7,1197798,7,955584,644,0,0,468134,467533,5170,5170,18
1786383943785,5562368,548176,764048,1451280,8388592,139,1013306,139,1009329,7,1197798,7,955584,644,0,0,468134,467533,5170,5170,18
1786383944042,5562368,548176,764048,1451280,8388592,139,1013306,139,1009329,7,1197798,7,955584,644,0,0,468134,467533,5170,5170,18
1786383944296,5562368,548176,764048,1451280,8388592,139,1013306,139,1009329,7,1197798,7,955584,644,0,0,468134,467533,5170,5170,18
1786383944549,5562368,548176,764048,1451280,8388592,139,1013306,139,1009329,7,1197798,7,955584,644,0,0,468134,467533,5170,5170,18
1786383944809,5562368,548176,764048,1451280,8388592,139,1013306,139,1009329,7,1197798,7,955584,644,0,0,468134,467533,5170,5170,18
1786383945070,5562368,548176,764048,1451280,8388592,113,1013306,113,1009329,6,1197798,6,955584,644,0,0,468134,467533,5170,5170,18
1786383945323,5562368,548176,764048,1451280,8388592,113,1013306,113,1009329,6,1197798,6,955584,644,0,0,468134,467533,5170,5170,18
1786383945577,5562368,548176,764048,1451280,8388592,113,1013306,113,1009329,6,1197798,6,955584,644,0,0,468134,467533,5170,5170,18
1786383945836,5562368,548176,764048,1451280,8388592,113,1013306,113,1009329,6,1197798,6,955584,644,0,0,468134,467533,5170,5170,18
1786383946089,5562368,548176,764048,1451280,8388592,113,1013306,113,1009329,6,1197798,6,955584,644,0,0,468134,467533,5170,5170,18
1786383946349,5562368,548176,764048,1451280,8388592,113,1013306,113,1009329,6,1197798,6,955584,644,0,0,468134,467533,5170,5170,18
1786383946605,5562368,548176,764048,1451280,8388592,113,1013306,113,1009329,6,1197798,6,955584,644,0,0,468134,467533,5170,5170,18
1786383946867,5562368,548176,764048,1451280,8388592,113,1013306,113,1009329,6,1224359,6,979666,644,0,0,468134,467533,5170,5170,18
1786383947131,5562368,548176,764048,1451280,8388592,93,1013306,93,1009329,23,1224359,23,979666,644,0,0,468134,467533,5170,5170,18
1786383947393,5562368,547456,763376,1451280,8388592,93,1013306,93,1009329,23,1247270,23,1002563,644,0,0,468134,467533,5170,5170,18
1786383947651,5562368,547456,763376,1451280,8388592,93,1013306,93,1009329,23,1247270,23,1002563,644,0,0,468134,467533,5170,5170,18
1786383947905,5562368,547456,763376,1451280,8388592,93,1013306,93,1009329,23,1247270,23,1002563,644,0,0,468134,467533,5170,5170,18
1786383948167,5562368,547456,763376,1451280,8388592,93,1013306,93,1009329,23,1247270,23,1002563,644,0,0,468134,467533,5170,5170,18
1786383948421,5562368,581664,796944,1450656,8388592,93,1015543,93,1011556,23,1247270,23,1002563,644,0,0,468134,467533,5170,5170,18
1786383948672,5562368,581664,796944,1450656,8388592,93,1015543,93,1011556,23,1247270,23,1002563,644,0,0,468134,467533,5170,5170,18
1786383948925,5562368,581664,796944,1450656,8388592,93,1015543,93,1011556,23,1247270,23,1002563,644,0,0,468134,467533,5170,5170,18
1786383949183,5562368,581664,796944,1450656,8388592,76,1015543,76,1011556,37,1247270,37,1002563,644,0,0,468134,467533,5170,5170,18
1786383949441,5562368,512448,727728,1450656,8388592,76,1015543,76,1011556,37,1247270,37,1002563,644,0,0,468134,467533,5170,5170,18
1786383949701,5562368,512448,727728,1450656,8388592,76,1015543,76,1011556,37,1247270,37,1002563,644,0,0,468134,467533,5170,5170,18
1786383949962,5562368,512448,727728,1450656,8388592,76,1015543,76,1011556,37,1247270,37,1002563,644,0,0,468134,467533,5170,5170,18
1786383950223,5562368,512448,727728,1450656,8388592,76,1015543,76,1011556,37,1247270,37,1002563,644,0,0,468134,467533,5170,5170,18
1786383950476,5562368,512448,727728,1450656,8388592,76,1015543,76,1011556,37,1247270,37,1002563,644,0,0,468134,467533,5170,5170,18
1786383950728,5562368,512448,727728,1450656,8388592,76,1015543,76,1011556,37,1247270,37,1002563,644,0,0,468134,467533,5170,5170,18
1786383950990,5562368,512448,727728,1450656,8388592,76,1015543,76,1011556,37,1247270,37,1002563,644,0,0,468134,467533,5170,5170,18
1786383951245,5562368,512448,727728,1450656,8388592,62,1015543,62,1011556,30,1247270,30,1002563,644,0,0,468134,467533,5170,5170,18
1786383951503,5562368,512448,727728,1450656,8388592,62,1015543,62,1011556,30,1247270,30,1002563,644,0,0,468134,467533,5170,5170,18
1786383951755,5562368,512448,727728,1450656,8388592,62,1015543,62,1011556,30,1247270,30,1002563,644,0,0,468134,467533,5170,5170,18
1786383952007,5562368,512448,727728,1450656,8388592,62,1015543,62,1011556,30,1247270,30,1002563,644,0,0,468134,467533,5170,5170,18
1786383952268,5562368,512448,727728,1450656,8388592,62,1015543,62,1011556,30,1247270,30,1002563,644,0,0,468134,467533,5170,5170,18
1786383952525,5562368,512448,727728,1450656,8388592,62,1015543,62,1011556,30,1247270,30,1002563,644,0,0,468134,467533,5170,5170,18
1786383952784,5562368,512448,727728,1450656,8388592,62,1015543,62,1011556,30,1247270,30,1002563,644,0,0,468134,467533,5170,5170,18
1786383953037,5562368,512448,727728,1450656,8388592,51,1015543,51,1011556,24,1247270,24,1002563,644,0,0,468134,467533,5170,5170,18
1786383953297,5562368,512448,727728,1450656,8388592,51,1015543,51,1011556,24,1247270,24,1002563,644,0,0,468134,467533,5170,5170,18
1786383953558,5562368,512448,727728,1450656,8388592,51,1015543,51,1011556,24,1247270,24,1002563,644,0,0,468134,467533,5170,5170,18
1786383953810,5562368,512448,727728,1450656,8388592,51,1015543,51,1011556,24,1247270,24,1002563,644,0,0,468134,467533,5170,5170,18
1786383954065,5562368,512448,727728,1450656,8388592,51,1015543,51,1011556,24,1247270,24,1002563,644,0,0,468134,467533,5170,5170,18
1786383954325,5562368,512448,727728,1450656,8388592,51,1015543,51,1011556,24,1247270,24,1002563,644,0,0,468134,467533,5170,5170,18
1786383954577,5562368,512448,727728,1450656,8388592,51,1015543,51,1011556,24,1247270,24,1002563,644,0,0,468134,467533,5170,5170,18
1786383954832,5562368,512448,727728,1450656,8388592,51,1015543,51,1011556,24,1247270,24,1002563,644,0,0,468134,467533,5170,5170,18
1786383955083,5562368,512448,727728,1450656,8388592,41,1015543,41,1011556,20,1247270,20,1002563,644,0,0,468134,467533,5170,5170,18
1786383955337,5562368,512448,727728,1450656,8388592,41,1015543,41,1011556,20,1247270,20,1002563,644,0,0,468134,467533,5170,5170,18
1786383955596,5562368,512448,727728,1450656,8388592,41,1015543,41,1011556,20,1247270,20,1002563,644,0,0,468134,467533,5170,5170,18
1786383955858,5562368,512448,727728,1450656,8388592,41,1015543,41,1011556,20,1247270,20,1002563,644,0,0,468134,467533,5170,5170,18
1786383956111,5562368,512448,727728,1450656,8388592,41,1015543,41,1011556,20,1247270,20,1002563,644,0,0,468134,467533,5170,5170,18
1786383956371,5562368,512448,727728,1450656,8388592,41,1015543,41,1011556,20,1247270,20,1002563,644,0,0,468134,467533,5170,5170,18
1786383956624,5562368,512448,727728,1450656,8388592,41,1015543,41,1011556,20,1247270,20,1002563,644,0,0,468134,467533,5170,5170,18
1786383956880,5562368,512448,727728,1450656,8388592,41,1015543,41,1011556,20,1247270,20,1002563,644,0,0,468134,467533,5170,5170,18
1786383957140,5562368,512448,727728,1450656,8388592,34,1015543,34,1011556,16,1247270,16,1002563,644,0,0,468134,467533,5170,5170,18
1786383957394,5562368,512448,727728,1450656,8388592,34,1015543,34,1011556,16,1247270,16,1002563,644,0,0,468134,467533,5170,5170,18
1786383957648,5562368,512448,727728,1450656,8388592,34,1015543,34,1011556,16,1247270,16,1002563,644,0,0,468134,467533,5170,5170,18
1786383957900,5562368,512448,727728,1450656,8388592,34,1015543,34,1011556,16,1247270,16,1002563,644,0,0,468134,467533,5170,5170,18
1786383958153,5562368,512448,727728,1450656,8388592,34,1015543,34,1011556,16,1247270,16,1002563,644,0,0,468134,467533,5170,5170,18
1786383958405,5562368,512448,727728,1450656,8388592,34,1015543,34,1011556,16,1248006,16,1003299,645,0,0,468134,467533,5170,5170,18
1786383958667,5562368,512448,727728,1450656,8388592,34,1015543,34,1011556,16,1248006,16,1003299,645,0,0,468134,467533,5170,5170,18
1786383958918,5562368,512448,727728,1450656,8388592,34,1015543,34,1011556,16,1248006,16,1003299,645,0,0,468134,467533,5170,5170,18
1786383959180,5562368,512448,727728,1450656,8388592,28,1015543,28,1011556,13,1248006,13,1003299,645,0,0,468134,467533,5170,5170,18
1786383959436,5562368,512448,727728,1450656,8388592,28,1015543,28,1011556,13,1248006,13,1003299,645,0,0,468134,467533,5170,5170,18
1786383959691,5562368,511968,727248,1450624,8388592,28,1015543,28,1011556,13,1248006,13,1003299,645,0,0,468134,467533,5170,5170,18
1786383959951,5562368,511968,727248,1450624,8388592,28,1015543,28,1011556,13,1248006,13,1003299,645,0,0,468134,467533,5170,5170,18
1786383960204,5562368,511968,727248,1450624,8388592,28,1015543,28,1011556,13,1248006,13,1003299,645,0,0,468134,467533,5170,5170,18
1786383960464,5562368,511968,727248,1450624,8388592,28,1015543,28,1011556,13,1248006,13,1003299,645,0,0,468134,467533,5170,5170,18
1786383960717,5562368,511968,727248,1450624,8388592,28,1015543,28,1011556,13,1248006,13,1003299,645,0,0,468134,467533,5170,5170,18
1786383960971,5562368,511968,727248,1450624,8388592,28,1015543,28,1011556,13,1248006,13,1003299,645,0,0,468134,467533,5170,5170,18
1786383961224,5562368,511968,727248,1450624,8388592,22,1015543,22,1011556,11,1248006,11,1003299,645,0,0,468134,467533,5170,5170,18
1786383961483,5562368,511968,727248,1450624,8388592,22,1015543,22,1011556,11,1248006,11,1003299,645,0,0,468134,467533,5170,5170,18
1786383961737,5562368,511968,727248,1450624,8388592,22,1015543,22,1011556,11,1248006,11,1003299,645,0,0,468134,467533,5170,5170,18
1786383961990,5562368,511968,727248,1450624,8388592,22,1015543,22,1011556,11,1248006,11,1003299,645,0,0,468134,467533,5170,5170,18
1786383962244,5562368,511968,727248,1450624,8388592,22,1015543,22,1011556,11,1248006,11,1003299,645,0,0,468134,467533,5170,5170,18
1786383962498,5562368,511968,727248,1450624,8388592,22,1015543,22,1011556,11,1248006,11,1003299,645,0,0,468134,467533,5170,5170,18
1786383962750,5562368,511968,727248,1450624,8388592,22,1015543,22,1011556,11,1248006,11,1003299,645,0,0,468134,467533,5170,5170,18
1786383963009,5562368,511968,727248,1450624,8388592,22,1015543,22,1011556,11,1248006,11,1003299,645,0,0,468134,467533,5170,5170,18
1786383963265,5562368,511968,727248,1450624,8388592,18,1015543,18,1011556,9,1248006,9,1003299,645,0,0,468134,467533,5170,5170,18
1786383963526,5562368,511968,727248,1450624,8388592,18,1015543,18,1011556,9,1248006,9,1003299,645,0,0,468134,467533,5170,5170,18
1786383963781,5562368,511968,727248,1450624,8388592,18,1015543,18,1011556,9,1248006,9,1003299,645,0,0,468134,467533,5170,5170,18
1786383964042,5562368,511968,727248,1450624,8388592,18,1015543,18,1011556,9,1248006,9,1003299,645,0,0,468134,467533,5170,5170,18
1786383964297,5562368,511968,727248,1450624,8388592,18,1015543,18,1011556,9,1248006,9,1003299,645,0,0,468134,467533,5170,5170,18
1786383964559,5562368,511968,727248,1450624,8388592,18,1015543,18,1011556,9,1248006,9,1003299,645,0,0,468134,467533,5170,5170,18
1786383964815,5562368,511968,727248,1450624,8388592,18,1015543,18,1011556,9,1248006,9,1003299,645,0,0,468134,467533,5170,5170,18
1786383965075,5562368,511968,727248,1450624,8388592,15,1015543,15,1011556,7,1248006,7,1003299,645,0,0,468134,467533,5170,5170,18
1786383965334,5562368,511968,727248,1450624,8388592,15,1015543,15,1011556,7,1248006,7,1003299,645,0,0,468134,467533,5170,5170,18
1786383965586,5562368,511968,727248,1450624,8388592,15,1015543,15,1011556,7,1248006,7,1003299,645,0,0,468134,467533,5170,5170,18
1786383965842,5562368,511968,727248,1450624,8388592,15,1015543,15,1011556,7,1248006,7,1003299,645,0,0,468134,467533,5170,5170,18
1786383966098,5562368,511968,727248,1450624,8388592,15,1015543,15,1011556,7,1248006,7,1003299,645,0,0,468134,467533,5170,5170,18
1786383966357,5562368,511968,727248,1450624,8388592,15,1015543,15,1011556,7,1248006,7,1003299,645,0,0,468134,467533,5170,5170,18
1786383966615,5562368,511968,727248,1450624,8388592,15,1015543,15,1011556,7,1248006,7,1003299,645,0,0,468134,467533,5170,5170,18
1786383966871,5562368,511968,727248,1450624,8388592,15,1015543,15,1011556,7,1248006,7,1003299,645,0,0,468134,467533,5170,5170,18
1786383967124,5562368,511968,727248,1450624,8388592,12,1015543,12,1011556,6,1248006,6,1003299,645,0,0,468134,467533,5170,5170,18
1786383967379,5562368,511968,727248,1450624,8388592,12,1015543,12,1011556,6,1248006,6,1003299,645,0,0,468134,467533,5170,5170,18
1786383967630,5562368,511968,727248,1450624,8388592,12,1015543,12,1011556,6,1248006,6,1003299,645,0,0,468134,467533,5170,5170,18
1786383967889,5562368,511968,727248,1450624,8388592,12,1015543,12,1011556,6,1248006,6,1003299,645,0,0,468134,467533,5170,5170,18
1786383968143,5562368,511968,727248,1450624,8388592,12,1015543,12,1011556,6,1248006,6,1003299,645,0,0,468134,467533,5170,5170,18
1786383968406,5562368,511968,727248,1450624,8388592,12,1015543,12,1011556,6,1248006,6,1003299,645,0,0,468134,467533,5170,5170,18
1786383968659,5562368,511968,727248,1450624,8388592,12,1015543,12,1011556,6,1248006,6,1003299,645,0,0,468134,467533,5170,5170,18
1786383968913,5562368,511968,727248,1450624,8388592,12,1015543,12,1011556,6,1248006,6,1003299,645,0,0,468134,467533,5170,5170,18
1786383969166,5562368,511968,727248,1450624,8388592,10,1015543,10,1011556,4,1248006,4,1003299,645,0,0,468134,467533,5170,5170,18
1786383969423,5562368,511968,727248,1450624,8388592,10,1015543,10,1011556,4,1248006,4,1003299,645,0,0,468134,467533,5170,5170,18
1786383969679,5562368,511968,727248,1450624,8388592,10,1015543,10,1011556,4,1248006,4,1003299,645,0,0,468134,467533,5170,5170,18
1786383969937,5562368,511968,727248,1450624,8388592,10,1015543,10,1011556,4,1248006,4,1003299,645,0,0,468134,467533,5170,5170,18
1786383970189,5562368,511968,727248,1450624,8388592,10,1015543,10,1011556,4,1248006,4,1003299,645,0,0,468134,467533,5170,5170,18
1786383970451,5562368,511968,727248,1450624,8388592,10,1015543,10,1011556,4,1248006,4,1003299,645,0,0,468134,467533,5170,5170,18
1786383970706,5562368,511968,727248,1450624,8388592,10,1015543,10,1011556,4,1248006,4,1003299,645,0,0,468134,467533,5170,5170,18
1786383970960,5562368,511968,727248,1450624,8388592,10,1015543,10,1011556,4,1248006,4,1003299,645,0,0,468134,467533,5170,5170,18
1786383971214,5562368,511968,727248,1450624,8388592,8,1015543,8,1011556,3,1248006,3,1003299,645,0,0,468134,467533,5170,5170,18
1786383971468,5562368,511968,727248,1450624,8388592,8,1015543,8,1011556,3,1248006,3,1003299,645,0,0,468134,467533,5170,5170,18
1786383971724,5562368,511968,727248,1450624,8388592,8,1015543,8,1011556,3,1248006,3,1003299,645,0,0,468134,467533,5170,5170,18
1786383971980,5562368,511968,727248,1450624,8388592,8,1015543,8,1011556,3,1248006,3,1003299,645,0,0,468134,467533,5170,5170,18
1786383972235,5562368,511968,727248,1450624,8388592,8,1015543,8,1011556,3,1248006,3,1003299,645,0,0,468134,467533,5170,5170,18
1786383972493,5562368,511968,727248,1450624,8388592,8,1015543,8,1011556,3,1248006,3,1003299,645,0,0,468134,467533,5170,5170,18
1786383972754,5562368,511968,727248,1450624,8388592,8,1015543,8,1011556,3,1248006,3,1003299,645,0,0,468134,467533,5170,5170,18
1786383973007,5562368,511968,727248,1450624,8388592,8,1015543,8,1011556,3,1248006,3,1003299,645,0,0,468134,467533,5170,5170,18
1786383973263,5562368,511968,727248,1450624,8388592,6,1015543,6,1011556,3,1248006,3,1003299,645,0,0,468134,467533,5170,5170,18
1786383973524,5562368,511968,727248,1450624,8388592,6,1015543,6,1011556,3,1248006,3,1003299,645,0,0,468134,467533,5170,5170,18
1786383973778,5562368,511968,727248,1450624,8388592,6,1015543,6,1011556,3,1248006,3,1003299,645,0,0,468134,467533,5170,5170,18
1786383974036,5562368,511968,727248,1450624,8388592,6,1015543,6,1011556,3,1248006,3,1003299,645,0,0,468134,467533,5170,5170,18
1786383974290,5562368,511968,727248,1450624,8388592,6,1015543,6,1011556,3,1248006,3,1003299,645,0,0,468134,467533,5170,5170,18
1786383974549,5562368,511968,727248,1450624,8388592,6,1015543,6,1011556,3,1248006,3,1003299,645,0,0,468134,467533,5170,5170,18
1786383974804,5562368,511968,727248,1450624,8388592,6,1015543,6,1011556,3,1248006,3,1003299,645,0,0,468134,467533,5170,5170,18
1786383975066,5562368,511968,727248,1450624,8388592,5,1015543,5,1011556,2,1248006,2,1003299,645,0,0,468134,467533,5170,5170,18
1786383975327,5562368,511968,727248,1450624,8388592,5,1015543,5,1011556,2,1248006,2,1003299,645,0,0,468134,467533,5170,5170,18
1786383975579,5562368,511968,727248,1450624,8388592,5,1015543,5,1011556,2,1248006,2,1003299,645,0,0,468134,467533,5170,5170,18
1786383975839,5562368,511968,727248,1450624,8388592,5,1015543,5,1011556,2,1248006,2,1003299,645,0,0,468134,467533,5170,5170,18
1786383976092,5562368,511968,727248,1450624,8388592,5,1015543,5,1011556,2,1248006,2,1003299,645,0,0,468134,467533,5170,5170,18
1786383976345,5562368,511968,727248,1450624,8388592,5,1015543,5,1011556,2,1248006,2,1003299,645,0,0,468134,467533,5170,5170,18
1786383976607,5562368,511968,727248,1450624,8388592,5,1015543,5,1011556,2,1248006,2,1003299,645,0,0,468134,467533,5170,5170,18
1786383976861,5562368,511968,727248,1450624,8388592,5,1015543,5,1011556,2,1248006,2,1003299,645,0,0,468134,467533,5170,5170,18
1786383977113,5562368,511968,727248,1450624,8388592,4,1015543,4,1011556,2,1248006,2,1003299,645,0,0,468134,467533,5170,5170,18
1786383977371,5562368,511968,727248,1450624,8388592,4,1015543,4,1011556,2,1248006,2,1003299,645,0,0,468134,467533,5170,5170,18
1786383977628,5562368,511968,727248,1450624,8388592,4,1015543,4,1011556,2,1248006,2,1003299,645,0,0,468134,467533,5170,5170,18
1786383977890,5562368,511968,727248,1450624,8388592,4,1015543,4,1011556,2,1248006,2,1003299,645,0,0,468134,467533,5170,5170,18
1786383978142,5562368,511968,727248,1450624,8388592,4,1015543,4,1011556,2,1248006,2,1003299,645,0,0,468134,467533,5170,5170,18
1786383978398,5562368,511968,727248,1450624,8388592,4,1015543,4,1011556,2,1248006,2,1003299,645,0,0,468134,467533,5170,5170,18
1786383978651,5562368,511968,727248,1450624,8388592,4,1015543,4,1011556,2,1248006,2,1003299,645,0,0,468134,467533,5170,5170,18
1786383978910,5562368,511968,727248,1450624,8388592,4,1015543,4,1011556,2,1248006,2,1003299,645,0,0,468134,467533,5170,5170,18
1786383979165,5562368,511968,727248,1450624,8388592,3,1015543,3,1011556,1,1248006,1,1003299,645,0,0,468134,467533,5170,5170,18
1786383979419,5562368,511968,727248,1450624,8388592,3,1015543,3,1011556,1,1248006,1,1003299,645,0,0,468134,467533,5170,5170,18
1786383979671,5562368,511968,727248,1450624,8388592,3,1015543,3,1011556,1,1248006,1,1003299,645,0,0,468134,467533,5170,5170,18
1786383979926,5562368,511968,727248,1450624,8388592,3,1015543,3,1011556,1,1248006,1,1003299,645,0,0,468134,467533,5170,5170,18
1786383980186,5562368,511968,727248,1450624,8388592,3,1015543,3,1011556,1,1248006,1,1003299,645,0,0,468134,467533,5170,5170,18
1786383980442,5562368,511968,727248,1450624,8388592,3,1015543,3,1011556,1,1248006,1,1003299,645,0,0,468134,467533,5170,5170,18
1786383980701,5562368,511968,727248,1450624,8388592,3,1015543,3,1011556,1,1248006,1,1003299,645,0,0,468134,467533,5170,5170,18
1786383980960,5562368,511968,727248,1450640,8388592,3,1015543,3,1011556,1,1248006,1,1003299,645,0,0,468134,467533,5170,5170,18
1786383981214,5562368,511968,727248,1450640,8388592,3,1015543,3,1011556,1,1248006,1,1003299,645,0,0,468134,467533,5170,5170,18
1786383981467,5562368,509920,725200,1450640,8388592,3,1015543,3,1011556,1,1248006,1,1003299,645,0,0,468134,467533,5170,5170,18
1786383981729,5562368,484640,699920,1450640,8388592,3,1015543,3,1011556,1,1248006,1,1003299,645,0,0,468134,467533,5170,5170,18
1786383981985,5562368,484640,699920,1450640,8388592,3,1015543,3,1011556,1,1248006,1,1003299,645,0,0,468134,467533,5170,5170,18
1786383982241,5562368,484640,699920,1450640,8388592,3,1015543,3,1011556,1,1248006,1,1003299,645,0,0,468134,467533,5170,5170,18
1786383982498,5562368,484640,699920,1450640,8388592,3,1015543,3,1011556,1,1248006,1,1003299,645,0,0,468134,467533,5170,5170,18
1786383982760,5562368,484640,699920,1450640,8388592,3,1015543,3,1011556,1,1248006,1,1003299,645,0,0,468134,467533,5170,5170,18
1786383983018,5562368,484640,699920,1450640,8388592,3,1015543,3,1011556,1,1248006,1,1003299,645,0,0,468134,467533,5170,5170,18
1786383983271,5562368,484640,699920,1450640,8388592,2,1015543,2,1011556,1,1248006,1,1003299,645,0,0,468134,467533,5170,5170,18
1786383983524,5562368,484640,699920,1450640,8388592,2,1015543,2,1011556,1,1248006,1,1003299,645,0,0,468134,467533,5170,5170,18
1786383983787,5562368,484640,699920,1450640,8388592,2,1015543,2,1011556,1,1248006,1,1003299,645,0,0,468134,467533,5170,5170,18
1786383984044,5562368,484640,699920,1450640,8388592,2,1015543,2,1011556,1,1248006,1,1003299,645,0,0,468134,467533,5170,5170,18
1786383984304,5562368,484640,699920,1450640,8388592,2,1015543,2,1011556,1,1248006,1,1003299,645,0,0,468134,467533,5170,5170,18
1786383984564,5562368,484640,699920,1450640,8388592,2,1015543,2,1011556,1,1248006,1,1003299,645,0,0,468134,467533,5170,5170,18
1786383984817,5562368,484640,699920,1450640,8388592,2,1015543,2,1011556,1,1248006,1,1003299,645,0,0,468134,467533,5170,5170,18
1786383985076,5562368,484640,699920,1450640,8388592,1,1015543,1,1011556,0,1248006,0,1003299,645,0,0,468134,467533,5170,5170,18
1786383985331,5562368,484640,699920,1450640,8388592,1,1015543,1,1011556,0,1248006,0,1003299,645,0,0,468134,467533,5170,5170,18
1786383985589,5562368,484640,699920,1450640,8388592,1,1015543,1,1011556,0,1248006,0,1003299,645,0,0,468134,467533,5170,5170,18
1786383985842,5562368,484640,699920,1450640,8388592,1,1015543,1,1011556,0,1248006,0,1003299,645,0,0,468134,467533,5170,5170,18
1786383986102,5562368,484640,699920,1450640,8388592,1,1015543,1,1011556,0,1248006,0,1003299,645,0,0,468134,467533,5170,5170,18
1786383986358,5562368,484640,699920,1450640,8388592,1,1015543,1,1011556,0,1248006,0,1003299,645,0,0,468134,467533,5170,5170,18
1786383986620,5562368,484640,699920,1450640,8388592,1,1015543,1,1011556,0,1248006,0,1003299,645,0,0,468134,467533,5170,5170,18
1786383986879,5562368,484640,699920,1450640,8388592,1,1015543,1,1011556,0,1248006,0,1003299,645,0,0,468134,467533,5170,5170,18
1786383987132,5562368,484640,699920,1450640,8388592,1,1015543,1,1011556,0,1248006,0,1003299,645,0,0,468134,467533,5170,5170,18
1786383987387,5562368,484640,699920,1450640,8388592,1,1015543,1,1011556,0,1248006,0,1003299,645,0,0,468134,467533,5170,5170,18
1786383987639,5562368,484640,699920,1450640,8388592,1,1015543,1,1011556,0,1248006,0,1003299,645,0,0,468134,467533,5170,5170,18
1786383987892,5562368,484640,699920,1450640,8388592,1,1015543,1,1011556,0,1248006,0,1003299,645,0,0,468134,467533,5170,5170,18
1786383988150,5562368,484640,699920,1450640,8388592,1,1015543,1,1011556,0,1248006,0,1003299,645,0,0,468134,467533,5170,5170,18
1786383988402,5562368,483264,698544,1450640,8388592,1,1015543,1,1011556,0,1248006,0,1003299,645,0,0,468134,467533,5170,5170,18
1786383988654,5562368,482576,697856,1450480,8388592,1,1015543,1,1011556,0,1261004,0,1016283,647,0,0,468134,467533,5170,5170,18
1786383988911,5562368,482576,697856,1450480,8388592,1,1015543,1,1011556,0,1261004,0,1016283,647,0,0,468134,467533,5170,5170,18
1786383989167,5562368,482576,697856,1450480,8388592,1,1015543,1,1011556,0,1267425,0,1022667,647,0,0,468134,467533,5170,5170,18
1786383989428,5562368,482576,697856,1450480,8388592,1,1015543,1,1011556,0,1267425,0,1022667,647,0,0,468134,467533,5170,5170,18
1786383989682,5562368,482240,697968,1450880,8388592,1,1015543,1,1011556,0,1289824,0,1045008,647,0,0,468134,467533,5170,5170,18
1786383989936,5562368,482240,697968,1450880,8388592,1,1015543,1,1011556,0,1294978,0,1050163,647,0,0,468134,467533,5170,5170,18
1786383990197,5562368,482240,697968,1450880,8388592,1,1015543,1,1011556,0,1294978,0,1050163,647,0,0,468134,467533,5170,5170,18
1786383990457,5562368,482240,697968,1450880,8388592,1,1015543,1,1011556,0,1294978,0,1050163,647,0,0,468134,467533,5170,5170,18
1786383990712,5562368,482240,697968,1450880,8388592,1,1015543,1,1011556,0,1294978,0,1050163,647,0,0,468134,467533,5170,5170,18
1786383990964,5562368,482240,697968,1450880,8388592,1,1015543,1,1011556,0,1294978,0,1050163,647,0,0,468134,467533,5170,5170,18
1786383991224,5562368,482240,697968,1450880,8388592,1,1015543,1,1011556,18,1294978,18,1050163,647,0,0,468134,467533,5170,5170,18
1786383991478,5562368,482240,697968,1450880,8388592,1,1015543,1,1011556,18,1294978,18,1050163,647,0,0,468134,467533,5170,5170,18
1786383991733,5562368,482240,697968,1450880,8388592,1,1015543,1,1011556,18,1294978,18,1050163,647,0,0,468134,467533,5170,5170,18
1786383991990,5562368,482240,697968,1450880,8388592,1,1015543,1,1011556,18,1294978,18,1050163,647,0,0,468134,467533,5170,5170,18
1786383992250,5562368,482240,697968,1450880,8388592,1,1015543,1,1011556,18,1294978,18,1050163,647,0,0,468134,467533,5170,5170,18
1786383992514,5562368,482240,697968,1450880,8388592,1,1015543,1,1011556,18,1294978,18,1050163,647,0,0,468134,467533,5170,5170,18
1786383992772,5562368,482240,697968,1450880,8388592,1,1015543,1,1011556,18,1294978,18,1050163,647,0,0,468134,467533,5170,5170,18
1786383993027,5562368,482240,697968,1450880,8388592,1,1015543,1,1011556,18,1294978,18,1050163,647,0,0,468134,467533,5170,5170,18
1786383993289,5562368,482240,697968,1450880,8388592,0,1015543,0,1011556,15,1294978,15,1050163,647,0,0,468134,467533,5170,5170,18
1786383993550,5562368,482240,697968,1450880,8388592,0,1015543,0,1011556,15,1294978,15,1050163,647,0,0,468134,467533,5170,5170,18
1786383993810,5562368,482240,697968,1450880,8388592,0,1015543,0,1011556,15,1294978,15,1050163,647,0,0,468134,467533,5170,5170,18
1786383994067,5562368,482240,697968,1450880,8388592,0,1015543,0,1011556,15,1294978,15,1050163,647,0,0,468134,467533,5170,5170,18
1786383994319,5562368,482240,697968,1450864,8388592,0,1015543,0,1011556,15,1311067,15,1066252,647,0,0,468134,467533,5170,5170,18
1786383994580,5562368,482240,697968,1450864,8388592,0,1015543,0,1011556,15,1311067,15,1066252,647,0,0,468134,467533,5170,5170,18
1786383994835,5562368,482240,697968,1450864,8388592,0,1015543,0,1011556,15,1311067,15,1066252,647,0,0,468134,467533,5170,5170,18
1786383995089,5562368,482240,697968,1450864,8388592,0,1015543,0,1011556,12,1311067,12,1066252,647,0,0,468134,467533,5170,5170,18
1786383995352,5562368,482240,697968,1450864,8388592,0,1015543,0,1011556,12,1311067,12,1066252,647,0,0,468134,467533,5170,5170,18
1786383995603,5562368,482240,697968,1450880,8388592,0,1015543,0,1011556,12,1311067,12,1066252,647,0,0,468134,467533,5170,5170,18
1786383995856,5562368,482240,697968,1450880,8388592,0,1015543,0,1011556,12,1311067,12,1066252,647,0,0,468134,467533,5170,5170,18
1786383996110,5562368,482240,697968,1450880,8388592,0,1015543,0,1011556,12,1311067,12,1066252,647,0,0,468134,467533,5170,5170,18
1786383996371,5562368,482240,697968,1450880,8388592,0,1015543,0,1011556,12,1311067,12,1066252,647,0,0,468134,467533,5170,5170,18
1786383996627,5562368,482240,697968,1450880,8388592,0,1015543,0,1011556,12,1311067,12,1066252,647,0,0,468134,467533,5170,5170,18
1786383996884,5562368,482240,697968,1450880,8388592,0,1015543,0,1011556,12,1311067,12,1066252,647,0,0,468134,467533,5170,5170,18
1786383997137,5562368,482240,697968,1450880,8388592,0,1015543,0,1011556,10,1311067,10,1066252,647,0,0,468134,467533,5170,5170,18
1786383997392,5562368,482240,697968,1450880,8388592,0,1015543,0,1011556,10,1311067,10,1066252,647,0,0,468134,467533,5170,5170,18
1786383997650,5562368,482240,697968,1450880,8388592,0,1015543,0,1011556,10,1311067,10,1066252,647,0,0,468134,467533,5170,5170,18
1786383997908,5562368,482240,697968,1450880,8388592,0,1015543,0,1011556,10,1311067,10,1066252,647,0,0,468134,467533,5170,5170,18
1786383998163,5562368,482240,697968,1450880,8388592,0,1015543,0,1011556,10,1311067,10,1066252,647,0,0,468134,467533,5170,5170,18
1786383998419,5562368,482240,697968,1450880,8388592,0,1015543,0,1011556,10,1311067,10,1066252,647,0,0,468134,467533,5170,5170,18
1786383998677,5562368,482240,697968,1450880,8388592,0,1015543,0,1011556,10,1311067,10,1066252,647,0,0,468134,467533,5170,5170,18
1786383998932,5562368,482240,697968,1450880,8388592,0,1015543,0,1011556,10,1311067,10,1066252,647,0,0,468134,467533,5170,5170,18
1786383999193,5562368,482240,697968,1450880,8388592,0,1015543,0,1011556,8,1311067,8,1066252,647,0,0,468134,467533,5170,5170,18
1786383999451,5562368,482240,697968,1450880,8388592,0,1015543,0,1011556,8,1311067,8,1066252,647,0,0,468134,467533,5170,5170,18
1786383999713,5562368,482240,697968,1450880,8388592,0,1015543,0,1011556,8,1311067,8,1066252,647,0,0,468134,467533,5170,5170,18
1786383999973,5562368,482240,697968,1450880,8388592,0,1015543,0,1011556,8,1311067,8,1066252,647,0,0,468134,467533,5170,5170,18
1786384000229,5562368,482240,697968,1450880,8388592,0,1015543,0,1011556,8,1311067,8,1066252,647,0,0,468134,467533,5170,5170,18
1786384000489,5562368,482240,697968,1450880,8388592,0,1015543,0,1011556,8,1311067,8,1066252,647,0,0,468134,467533,5170,5170,18
1786384000746,5562368,482240,697968,1450880,8388592,0,1015543,0,1011556,8,1311067,8,1066252,647,0,0,468134,467533,5170,5170,18
1786384000999,5562368,482240,697968,1450880,8388592,0,1015543,0,1011556,8,1311067,8,1066252,647,0,0,468134,467533,5170,5170,18
1786384001260,5562368,482240,697968,1450880,8388592,0,1015543,0,1011556,6,1311067,6,1066252,647,0,0,468134,467533,5170,5170,18
1786384001516,5562368,482240,697968,1450880,8388592,0,1015543,0,1011556,6,1311067,6,1066252,647,0,0,468134,467533,5170,5170,18
1786384001775,5562368,482240,697968,1450880,8388592,0,1015543,0,1011556,6,1311067,6,1066252,647,0,0,468134,467533,5170,5170,18
1786384002037,5562368,482240,697968,1450880,8388592,0,1015543,0,1011556,6,1311067,6,1066252,647,0,0,468134,467533,5170,5170,18
1786384002296,5562368,482240,697968,1450880,8388592,0,1015543,0,1011556,6,1311067,6,1066252,647,0,0,468134,467533,5170,5170,18
1786384002555,5562368,482240,697968,1450880,8388592,0,1015543,0,1011556,6,1311067,6,1066252,647,0,0,468134,467533,5170,5170,18
1786384002814,5562368,482240,697968,1450880,8388592,0,1015543,0,1011556,6,1311067,6,1066252,647,0,0,468134,467533,5170,5170,18
1786384003075,5562368,482240,697968,1450880,8388592,0,1015543,0,1011556,5,1311067,5,1066252,647,0,0,468134,467533,5170,5170,18
1786384003336,5562368,482240,697968,1450880,8388592,0,1015543,0,1011556,5,1311067,5,1066252,647,0,0,468134,467533,5170,5170,18
1786384003598,5562368,482240,697968,1450880,8388592,0,1015543,0,1011556,5,1311067,5,1066252,647,0,0,468134,467533,5170,5170,18
1786384003857,5562368,482240,697968,1450880,8388592,0,1015543,0,1011556,5,1311067,5,1066252,647,0,0,468134,467533,5170,5170,18
1786384004118,5562368,482240,697968,1450880,8388592,0,1015543,0,1011556,5,1311067,5,1066252,647,0,0,468134,467533,5170,5170,18
1786384004378,5562368,482240,697968,1450880,8388592,0,1015543,0,1011556,5,1311067,5,1066252,647,0,0,468134,467533,5170,5170,18
1786384004640,5562368,482240,697968,1450880,8388592,0,1015543,0,1011556,5,1311067,5,1066252,647,0,0,468134,467533,5170,5170,18
1786384004898,5562368,482240,697968,1450880,8388592,0,1015543,0,1011556,5,1311067,5,1066252,647,0,0,468134,467533,5170,5170,18
1786384005152,5562368,482240,697968,1450880,8388592,0,1015543,0,1011556,4,1311067,4,1066252,647,0,0,468134,467533,5170,5170,18
1786384005409,5562368,482240,697968,1450880,8388592,0,1015543,0,1011556,4,1311067,4,1066252,647,0,0,468134,467533,5170,5170,18
1786384005671,5562368,482240,697968,1450880,8388592,0,1015543,0,1011556,4,1311067,4,1066252,647,0,0,468134,467533,5170,5170,18
1786384005931,5562368,482240,697968,1450880,8388592,0,1015543,0,1011556,4,1311067,4,1066252,647,0,0,468134,467533,5170,5170,18
1786384006191,5562368,482240,697968,1450880,8388592,0,1015543,0,1011556,4,1311067,4,1066252,647,0,0,468134,467533,5170,5170,18
1786384006450,5562368,482240,697968,1450880,8388592,0,1015543,0,1011556,4,1311067,4,1066252,647,0,0,468134,467533,5170,5170,18
1786384006712,5562368,482240,697968,1450880,8388592,0,1015543,0,1011556,4,1311067,4,1066252,647,0,0,468134,467533,5170,5170,18
1786384006973,5562368,482240,697968,1450880,8388592,0,1015543,0,1011556,4,1311067,4,1066252,647,0,0,468134,467533,5170,5170,18
1786384007228,5562368,482240,697968,1450880,8388592,0,1015543,0,1011556,3,1311067,3,1066252,647,0,0,468134,467533,5170,5170,18
1786384007484,5562368,482240,697968,1450880,8388592,0,1015543,0,1011556,3,1311067,3,1066252,647,0,0,468134,467533,5170,5170,18
1786384007745,5562368,482240,697968,1450880,8388592,0,1015543,0,1011556,3,1311067,3,1066252,647,0,0,468134,467533,5170,5170,18
1786384007997,5562368,482240,697968,1450880,8388592,0,1015543,0,1011556,3,1311067,3,1066252,647,0,0,468134,467533,5170,5170,18
1786384008252,5562368,482240,697968,1450880,8388592,0,1015543,0,1011556,3,1311067,3,1066252,647,0,0,468134,467533,5170,5170,18
1786384008506,5562368,482240,697968,1450880,8388592,0,1015543,0,1011556,3,1311067,3,1066252,647,0,0,468134,467533,5170,5170,18
1786384008767,5562368,588848,803888,1450192,8388592,0,1017858,0,1013871,3,1311067,3,1066252,647,0,0,468134,467533,5170,5170,18
1786384009029,5562368,588848,803888,1450192,8388592,0,1017858,0,1013871,3,1311067,3,1066252,647,0,0,468134,467533,5170,5170,18
1786384009283,5562368,589312,803760,1449600,8388592,0,1017858,0,1013871,2,1311067,2,1066252,647,0,0,468134,467533,5170,5170,18
1786384009541,5562368,589312,803760,1449600,8388592,0,1017858,0,1013871,2,1311067,2,1066252,647,0,0,468134,467533,5170,5170,18
1786384009803,5562368,589312,803760,1449600,8388592,0,1017858,0,1013871,2,1311067,2,1066252,647,0,0,468134,467533,5170,5170,18
1786384010062,5562368,589312,803760,1449600,8388592,0,1017858,0,1013871,2,1311067,2,1066252,647,0,0,468134,467533,5170,5170,18
1786384010318,5562368,589312,803760,1449600,8388592,0,1017858,0,1013871,2,1311067,2,1066252,647,0,0,468134,467533,5170,5170,18
1786384010577,5562368,589312,803760,1449600,8388592,0,1017858,0,1013871,2,1311067,2,1066252,647,0,0,468134,467533,5170,5170,18
1786384010833,5562368,589312,803760,1449600,8388592,0,1017858,0,1013871,2,1311067,2,1066252,647,0,0,468134,467533,5170,5170,18
1786384011091,5562368,589312,803760,1449600,8388592,0,1017858,0,1013871,2,1311067,2,1066252,647,0,0,468134,467533,5170,5170,18
1786384011353,5562368,589312,803760,1449600,8388592,0,1017858,0,1013871,2,1311067,2,1066252,647,0,0,468134,467533,5170,5170,18
1786384011614,5562368,589312,803760,1449600,8388592,0,1017858,0,1013871,2,1311067,2,1066252,647,0,0,468134,467533,5170,5170,18
1786384011871,5562368,589312,803760,1449600,8388592,0,1017858,0,1013871,2,1311067,2,1066252,647,0,0,468134,467533,5170,5170,18
1786384012128,5562368,589312,803760,1449600,8388592,0,1017858,0,1013871,2,1311067,2,1066252,647,0,0,468134,467533,5170,5170,18
1786384012380,5562368,558320,779792,1456656,8388592,0,1017858,0,1013871,2,1330264,2,1084181,654,0,0,468134,467533,5170,5170,18
1786384012631,5562368,553840,775872,1457232,8388592,0,1017858,0,1013871,2,1342892,2,1096809,654,0,0,468134,467533,5170,5170,18
1786384012883,5562368,553840,775872,1457232,8388592,0,1017858,0,1013871,2,1342892,2,1096809,654,0,0,468134,467533,5170,5170,18
1786384013135,5562368,553840,775872,1457232,8388592,0,1017858,0,1013871,20,1342892,20,1096809,654,0,0,468134,467533,5170,5170,18
1786384013386,5562368,553840,775872,1457232,8388592,0,1017858,0,1013871,20,1342892,20,1096809,654,0,0,468134,467533,5170,5170,18
1786384013647,5562368,553840,775872,1457232,8388592,0,1017858,0,1013871,20,1342892,20,1096809,654,0,0,468134,467533,5170,5170,18
1786384013900,5562368,518256,740288,1457232,8388592,0,1017858,0,1013871,20,1342892,20,1096809,654,0,0,468134,467533,5170,5170,18
1786384014160,5562368,518256,740288,1457232,8388592,0,1017858,0,1013871,20,1342892,20,1096809,654,0,0,468134,467533,5170,5170,18
1786384014422,5562368,518096,740128,1457248,8388592,0,1017858,0,1013871,20,1342892,20,1096809,654,0,0,468134,467533,5170,5170,18
1786384014678,5562368,518096,740128,1457248,8388592,0,1017858,0,1013871,20,1342892,20,1096809,654,0,0,468134,467533,5170,5170,18
1786384014937,5562368,518096,740128,1457248,8388592,0,1017858,0,1013871,20,1342892,20,1096809,654,0,0,468134,467533,5170,5170,18
1786384015196,5562368,518096,740128,1457248,8388592,0,1017858,0,1013871,16,1342892,16,1096809,654,0,0,468134,467533,5170,5170,18
1786384015450,5562368,518096,740128,1457248,8388592,0,1017858,0,1013871,16,1342892,16,1096809,654,0,0,468134,467533,5170,5170,18
1786384015701,5562368,518096,740128,1457248,8388592,0,1017858,0,1013871,16,1342892,16,1096809,654,0,0,468134,467533,5170,5170,18
1786384015954,5562368,518096,740128,1457248,8388592,0,1017858,0,1013871,16,1342892,16,1096809,654,0,0,468134,467533,5170,5170,18
1786384016209,5562368,518096,740128,1457248,8388592,0,1017858,0,1013871,16,1342892,16,1096809,654,0,0,468134,467533,5170,5170,18
1786384016463,5562368,518096,740128,1457248,8388592,0,1017858,0,1013871,16,1342892,16,1096809,654,0,0,468134,467533,5170,5170,18
1786384016719,5562368,518096,740128,1457248,8388592,0,1017858,0,1013871,16,1342892,16,1096809,654,0,0,468134,467533,5170,5170,18
1786384016977,5562368,518096,740128,1457248,8388592,0,1017858,0,1013871,16,1342892,16,1096809,654,0,0,468134,467533,5170,5170,18
1786384017231,5562368,518096,740128,1457248,8388592,0,1017858,0,1013871,13,1342892,13,1096809,654,0,0,468134,467533,5170,5170,18
1786384017484,5562368,518096,740128,1457248,8388592,0,1017858,0,1013871,13,1342892,13,1096809,654,0,0,468134,467533,5170,5170,18
1786384017743,5562368,518096,740128,1457248,8388592,0,1017858,0,1013871,13,1342892,13,1096809,654,0,0,468134,467533,5170,5170,18
1786384018001,5562368,518096,740128,1457248,8388592,0,1017858,0,1013871,13,1342892,13,1096809,654,0,0,468134,467533,5170,5170,18
1786384018263,5562368,518096,740128,1457248,8388592,0,1017858,0,1013871,13,1342892,13,1096809,654,0,0,468134,467533,5170,5170,18
1786384018524,5562368,518096,740128,1457248,8388592,0,1017858,0,1013871,13,1342892,13,1096809,654,0,0,468134,467533,5170,5170,18
1786384018776,5562368,518096,740128,1457248,8388592,0,1017858,0,1013871,13,1342892,13,1096809,654,0,0,468134,467533,5170,5170,18
1786384019036,5562368,582000,803344,1456560,8388592,0,1032946,0,1028958,13,1342892,13,1096809,654,0,0,468134,467533,5170,5170,18
1786384019292,5562368,582800,803616,1455968,8388592,0,1032946,0,1028958,10,1342892,10,1096809,654,0,0,468134,467533,5170,5170,18
1786384019545,5562368,582560,803376,1455968,8388592,0,1032946,0,1028958,10,1351748,10,1105641,654,0,0,468134,467533,5170,5170,18
1786384019799,5562368,582560,803376,1455968,8388592,0,1032946,0,1028958,10,1351748,10,1105641,654,0,0,468134,467533,5170,5170,18
1786384020063,5562368,582560,803376,1455968,8388592,0,1032946,0,1028958,10,1351748,10,1105641,654,0,0,468134,467533,5170,5170,18
1786384020328,5562368,582560,803376,1455968,8388592,0,1032946,0,1028958,10,1351748,10,1105641,654,0,0,468134,467533,5170,5170,18
1786384020587,5562368,582560,803376,1455968,8388592,0,1032946,0,1028958,10,1351748,10,1105641,654,0,0,468134,467533,5170,5170,18
1786384020845,5562368,582560,803376,1455968,8388592,0,1032946,0,1028958,10,1351748,10,1105641,654,0,0,468134,467533,5170,5170,18
1786384021105,5562368,582560,803376,1455968,8388592,0,1032946,0,1028958,8,1351748,8,1105641,654,0,0,468134,467533,5170,5170,18
1786384021358,5562368,582560,803376,1455968,8388592,0,1032946,0,1028958,8,1351748,8,1105641,654,0,0,468134,467533,5170,5170,18
1786384021613,5562368,582560,803376,1455968,8388592,0,1032946,0,1028958,8,1351748,8,1105641,654,0,0,468134,467533,5170,5170,18
1786384021866,5562368,582560,803376,1455968,8388592,0,1032946,0,1028958,8,1351748,8,1105641,654,0,0,468134,467533,5170,5170,18
1786384022119,5562368,582560,803376,1455968,8388592,0,1032946,0,1028958,8,1351748,8,1105641,654,0,0,468134,467533,5170,5170,18
1786384022377,5562368,582560,803376,1455968,8388592,0,1032946,0,1028958,8,1351748,8,1105641,654,0,0,468134,467533,5170,5170,18
1786384022639,5562368,582560,803376,1455968,8388592,0,1032946,0,1028958,8,1351748,8,1105641,654,0,0,468134,467533,5170,5170,18
1786384022891,5562368,582560,803376,1455968,8388592,0,1032946,0,1028958,8,1351748,8,1105641,654,0,0,468134,467533,5170,5170,18
1786384023146,5562368,582560,803376,1455968,8388592,0,1032946,0,1028958,7,1351748,7,1105641,654,0,0,468134,467533,5170,5170,18
1786384023405,5562368,582560,803376,1455968,8388592,0,1032946,0,1028958,7,1351748,7,1105641,654,0,0,468134,467533,5170,5170,18
1786384023661,5562368,582560,803376,1455968,8388592,0,1032946,0,1028958,7,1351748,7,1105641,654,0,0,468134,467533,5170,5170,18
1786384023916,5562368,582560,803376,1455968,8388592,0,1032946,0,1028958,7,1374561,7,1128406,654,0,0,468134,467533,5170,5170,18
1786384024175,5562368,582560,803376,1455968,8388592,0,1032946,0,1028958,7,1384575,7,1138413,654,0,0,468134,467533,5170,5170,18
1786384024432,5562368,582320,803136,1455968,8388592,0,1032946,0,1028958,7,1384575,7,1138413,654,0,0,468134,467533,5170,5170,18
1786384024684,5562368,582320,803136,1455968,8388592,0,1032946,0,1028958,7,1384575,7,1138413,654,0,0,468134,467533,5170,5170,18
1786384024936,5562368,582320,803136,1455968,8388592,0,1032946,0,1028958,7,1384575,7,1138413,654,0,0,468134,467533,5170,5170,18
1786384025189,5562368,582320,803136,1455968,8388592,0,1032946,0,1028958,24,1384575,24,1138413,654,0,0,468134,467533,5170,5170,18
1786384025446,5562368,582320,803136,1455968,8388592,0,1032946,0,1028958,24,1384575,24,1138413,654,0,0,468134,467533,5170,5170,18
1786384025699,5562368,582320,803136,1455968,8388592,0,1032946,0,1028958,24,1384575,24,1138413,654,0,0,468134,467533,5170,5170,18
1786384025957,5562368,582320,803136,1455968,8388592,0,1032946,0,1028958,24,1384575,24,1138413,654,0,0,468134,467533,5170,5170,18
1786384026219,5562368,582320,803136,1455968,8388592,0,1032946,0,1028958,24,1384575,24,1138413,654,0,0,468134,467533,5170,5170,18
1786384026480,5562368,582320,803136,1455968,8388592,0,1032946,0,1028958,24,1384575,24,1138413,654,0,0,468134,467533,5170,5170,18
1786384026742,5562368,582320,803136,1455968,8388592,0,1032946,0,1028958,24,1384575,24,1138413,654,0,0,468134,467533,5170,5170,18
1786384026998,5562368,582320,803136,1455968,8388592,0,1032946,0,1028958,24,1384575,24,1138413,654,0,0,468134,467533,5170,5170,18
1786384027250,5562368,582320,803136,1455968,8388592,0,1032946,0,1028958,19,1384575,19,1138413,654,0,0,468134,467533,5170,5170,18
1786384027502,5562368,582320,803136,1455968,8388592,0,1032946,0,1028958,19,1384575,19,1138413,654,0,0,468134,467533,5170,5170,18
1786384027755,5562368,582320,803136,1455968,8388592,0,1032946,0,1028958,19,1384575,19,1138413,654,0,0,468134,467533,5170,5170,18
1786384028017,5562368,582320,803136,1455968,8388592,0,1032946,0,1028958,19,1384575,19,1138413,654,0,0,468134,467533,5170,5170,18
1786384028278,5562368,582320,803136,1455968,8388592,0,1032946,0,1028958,19,1384575,19,1138413,654,0,0,468134,467533,5170,5170,18
1786384028535,5562368,582080,802896,1455968,8388592,0,1032946,0,1028958,19,1384575,19,1138413,654,0,0,468134,467533,5170,5170,18
1786384028791,5562368,582080,802896,1455968,8388592,0,1032946,0,1028958,19,1384575,19,1138413,654,0,0,468134,467533,5170,5170,18
1786384029050,5562368,582080,802896,1455968,8388592,0,1032946,0,1028958,19,1384575,19,1138413,654,0,0,468134,467533,5170,5170,18
1786384029312,5562368,582080,802896,1455968,8388592,0,1032946,0,1028958,16,1384575,16,1138413,654,0,0,468134,467533,5170,5170,18
1786384029570,5562368,582080,802896,1455968,8388592,0,1032946,0,1028958,16,1384575,16,1138413,654,0,0,468134,467533,5170,5170,18
1786384029832,5562368,582080,802896,1455968,8388592,0,1032946,0,1028958,16,1384575,16,1138413,654,0,0,468134,467533,5170,5170,18
1786384030091,5562368,582080,802896,1455968,8388592,0,1032946,0,1028958,16,1384575,16,1138413,654,0,0,468134,467533,5170,5170,18
1786384030351,5562368,582080,802896,1455968,8388592,0,1032946,0,1028958,16,1384575,16,1138413,654,0,0,468134,467533,5170,5170,18
1786384030605,5562368,582080,802896,1455968,8388592,0,1032946,0,1028958,16,1384575,16,1138413,654,0,0,468134,467533,5170,5170,18
1786384030864,5562368,582080,802896,1455968,8388592,0,1032946,0,1028958,16,1384575,16,1138413,654,0,0,468134,467533,5170,5170,18
1786384031121,5562368,582080,802896,1455968,8388592,0,1032946,0,1028958,13,1384575,13,1138413,654,0,0,468134,467533,5170,5170,18
1786384031379,5562368,582080,802896,1455968,8388592,0,1032946,0,1028958,13,1384575,13,1138413,654,0,0,468134,467533,5170,5170,18
1786384031638,5562368,582080,802896,1455968,8388592,0,1032946,0,1028958,13,1384575,13,1138413,654,0,0,468134,467533,5170,5170,18
1786384031889,5562368,582080,802896,1455968,8388592,0,1032946,0,1028958,13,1384575,13,1138413,654,0,0,468134,467533,5170,5170,18
1786384032144,5562368,582080,802896,1455968,8388592,0,1032946,0,1028958,13,1384575,13,1138413,654,0,0,468134,467533,5170,5170,18
1786384032396,5562368,582080,802896,1455968,8388592,0,1032946,0,1028958,13,1384575,13,1138413,654,0,0,468134,467533,5170,5170,18
1786384032658,5562368,582080,802896,1455968,8388592,0,1032946,0,1028958,13,1384575,13,1138413,654,0,0,468134,467533,5170,5170,18
1786384032920,5562368,582080,802896,1455968,8388592,0,1032946,0,1028958,13,1384575,13,1138413,654,0,0,468134,467533,5170,5170,18
1786384033175,5562368,582080,802896,1455968,8388592,0,1032946,0,1028958,10,1384575,10,1138413,654,0,0,468134,467533,5170,5170,18
1786384033427,5562368,582080,802896,1455968,8388592,0,1032946,0,1028958,10,1384575,10,1138413,654,0,0,468134,467533,5170,5170,18
1786384033688,5562368,582080,802896,1455968,8388592,0,1032946,0,1028958,10,1384575,10,1138413,654,0,0,468134,467533,5170,5170,18
1786384033942,5562368,582080,802896,1455968,8388592,0,1032946,0,1028958,10,1384575,10,1138413,654,0,0,468134,467533,5170,5170,18
1786384034195,5562368,582080,802896,1455968,8388592,0,1032946,0,1028958,10,1384575,10,1138413,654,0,0,468134,467533,5170,5170,18
1786384034454,5562368,582080,802896,1455968,8388592,0,1032946,0,1028958,10,1384575,10,1138413,654,0,0,468134,467533,5170,5170,18
1786384034707,5562368,582080,802896,1455968,8388592,0,1032946,0,1028958,10,1384575,10,1138413,654,0,0,468134,467533,5170,5170,18
1786384034964,5562368,582080,802896,1455968,8388592,0,1032946,0,1028958,10,1384575,10,1138413,654,0,0,468134,467533,5170,5170,18
1786384035219,5562368,582080,802896,1455968,8388592,0,1032946,0,1028958,8,1384575,8,1138413,654,0,0,468134,467533,5170,5170,18
1786384035479,5562368,582080,802896,1455968,8388592,0,1032946,0,1028958,8,1384575,8,1138413,654,0,0,468134,467533,5170,5170,18
1786384035741,5562368,582080,802896,1455968,8388592,0,1032946,0,1028958,8,1384575,8,1138413,654,0,0,468134,467533,5170,5170,18
1786384035995,5562368,582080,802896,1455968,8388592,0,1032946,0,1028958,8,1384575,8,1138413,654,0,0,468134,467533,5170,5170,18
1786384036247,5562368,582080,802896,1455968,8388592,0,1032946,0,1028958,8,1384575,8,1138413,654,0,0,468134,467533,5170,5170,18
1786384036503,5562368,582080,802896,1455968,8388592,0,1032946,0,1028958,8,1384575,8,1138413,654,0,0,468134,467533,5170,5170,18
1786384036756,5562368,582080,802896,1455968,8388592,0,1032946,0,1028958,8,1384575,8,1138413,654,0,0,468134,467533,5170,5170,18
1786384037018,5562368,582080,802896,1455968,8388592,0,1032946,0,1028958,8,1384575,8,1138413,654,0,0,468134,467533,5170,5170,18
1786384037270,5562368,582080,802896,1455968,8388592,0,1032946,0,1028958,7,1384575,7,1138413,654,0,0,468134,467533,5170,5170,18
1786384037524,5562368,582080,802896,1455968,8388592,0,1032946,0,1028958,7,1384575,7,1138413,654,0,0,468134,467533,5170,5170,18
1786384037777,5562368,582080,802896,1455968,8388592,0,1032946,0,1028958,7,1384575,7,1138413,654,0,0,468134,467533,5170,5170,18
1786384038039,5562368,582080,802896,1455968,8388592,0,1032946,0,1028958,7,1384575,7,1138413,654,0,0,468134,467533,5170,5170,18
1786384038292,5562368,582080,802896,1455968,8388592,0,1032946,0,1028958,7,1384575,7,1138413,654,0,0,468134,467533,5170,5170,18
1786384038545,5562368,582080,802896,1455968,8388592,0,1032946,0,1028958,7,1384575,7,1138413,654,0,0,468134,467533,5170,5170,18
1786384038801,5562368,582080,802896,1455968,8388592,0,1032946,0,1028958,7,1384575,7,1138413,654,0,0,468134,467533,5170,5170,18
1786384039054,5562368,582080,802896,1455968,8388592,0,1032946,0,1028958,7,1384575,7,1138413,654,0,0,468134,467533,5170,5170,18
1786384039315,5562368,582080,802896,1455968,8388592,0,1032946,0,1028958,5,1384575,5,1138413,654,0,0,468134,467533,5170,5170,18
1786384039568,5562368,582080,802896,1455968,8388592,0,1032946,0,1028958,5,1384575,5,1138413,654,0,0,468134,467533,5170,5170,18
1786384039831,5562368,582080,802896,1455968,8388592,0,1032946,0,1028958,5,1384575,5,1138413,654,0,0,468134,467533,5170,5170,18
1786384040088,5562368,582080,802896,1455968,8388592,0,1032946,0,1028958,5,1384575,5,1138413,654,0,0,468134,467533,5170,5170,18
1786384040345,5562368,582080,802896,1455968,8388592,0,1032946,0,1028958,5,1384575,5,1138413,654,0,0,468134,467533,5170,5170,18
1786384040605,5562368,582080,802896,1455968,8388592,0,1032946,0,1028958,5,1384575,5,1138413,654,0,0,468134,467533,5170,5170,18
1786384040862,5562368,582080,802896,1455968,8388592,0,1032946,0,1028958,5,1384575,5,1138413,654,0,0,468134,467533,5170,5170,18
1786384041115,5562368,582080,802896,1455968,8388592,0,1032946,0,1028958,4,1384575,4,1138413,654,0,0,468134,467533,5170,5170,18
1786384041370,5562368,582080,802896,1455968,8388592,0,1032946,0,1028958,4,1384575,4,1138413,654,0,0,468134,467533,5170,5170,18
1786384041630,5562368,582080,802896,1455968,8388592,0,1032946,0,1028958,4,1384575,4,1138413,654,0,0,468134,467533,5170,5170,18
1786384041886,5562368,582080,802896,1455968,8388592,0,1032946,0,1028958,4,1384575,4,1138413,654,0,0,468134,467533,5170,5170,18
1786384042138,5562368,582080,802896,1455968,8388592,0,1032946,0,1028958,4,1384575,4,1138413,654,0,0,468134,467533,5170,5170,18
1786384042396,5562368,582080,802896,1455968,8388592,0,1032946,0,1028958,4,1384575,4,1138413,654,0,0,468134,467533,5170,5170,18
1786384042651,5562368,582080,802896,1455968,8388592,0,1032946,0,1028958,4,1384575,4,1138413,654,0,0,468134,467533,5170,5170,18
1786384042903,5562368,582080,802896,1455968,8388592,0,1032946,0,1028958,4,1390957,4,1144790,654,0,0,468134,467533,5170,5170,18
1786384043155,5562368,582080,802896,1455968,8388592,0,1032946,0,1028958,3,1395929,3,1149696,654,0,0,468134,467533,5170,5170,18
1786384043411,5562368,582080,802896,1455968,8388592,0,1032946,0,1028958,3,1395929,3,1149696,654,0,0,468134,467533,5170,5170,18
1786384043676,5562368,582080,802896,1455968,8388592,0,1032946,0,1028958,3,1395929,3,1149696,654,0,0,468134,467533,5170,5170,18
1786384043928,5562368,574512,795328,1455968,8388592,0,1032946,0,1028958,3,1398076,3,1151797,654,0,0,468134,467533,5170,5170,18
1786384044179,5562368,553872,775376,1456656,8388592,0,1032946,0,1028958,3,1423000,3,1176605,654,0,0,468134,467533,5170,5170,18
1786384044430,6035456,4042272,4500704,1457456,8388592,0,1032946,0,1028958,3,1423400,3,1176993,655,0,0,468134,467533,5170,5170,18
1786384044682,6821888,4833312,5291728,1457456,8388592,0,1032946,0,1028958,3,1423400,3,1176993,655,0,0,468134,467533,5170,5170,18
1786384044933,7620608,5631920,6088112,1457456,8388592,0,1032946,0,1028958,3,1423400,3,1176993,655,0,0,468134,467533,5170,5170,18
1786384045184,8420352,6430752,6883824,1457456,8388592,0,1032946,0,1028958,21,1423400,21,1176993,655,0,0,468134,467533,5170,5170,18
1786384045434,9226240,7237040,7686960,1457456,8388592,0,1032946,0,1028958,21,1423400,21,1176993,655,0,0,468134,467533,5170,5170,18
1786384045686,10030080,8035296,8482720,1457456,8388592,0,1032946,0,1028958,21,1423400,21,1176993,655,0,0,468134,467533,5170,5170,18
1786384045939,10280960,8296992,8744400,1457456,8388592,0,1032946,0,1028958,21,1423400,21,1176993,655,0,0,468134,467533,5170,5170,18
1786384046199,10280960,8296992,8744400,1457456,8388592,0,1032946,0,1028958,21,1423400,21,1176993,655,0,0,468134,467533,5170,5170,18
1786384046461,10280960,8296992,8744400,1457456,8388592,0,1032946,0,1028958,21,1423400,21,1176993,655,0,0,468134,467533,5170,5170,18
1786384046717,10280960,8296992,8744400,1457456,8388592,0,1032946,0,1028958,21,1423400,21,1176993,655,0,0,468134,467533,5170,5170,18
1786384046970,10280960,8296992,8744400,1457456,8388592,0,1032946,0,1028958,21,1423400,21,1176993,655,0,0,468134,467533,5170,5170,18
1786384047228,10280960,8296992,8744400,1457456,8388592,0,1032946,0,1028958,17,1423400,17,1176993,655,0,0,468134,467533,5170,5170,18
1786384047481,10280960,8296992,8744400,1457472,8388592,0,1032946,0,1028958,17,1423400,17,1176993,655,0,0,468134,467533,5170,5170,18
1786384047733,10280960,8296992,8744400,1457472,8388592,0,1032946,0,1028958,17,1423400,17,1176993,655,0,0,468134,467533,5170,5170,18
1786384047986,10280960,8296992,8744400,1457472,8388592,0,1032946,0,1028958,17,1423400,17,1176993,655,0,0,468134,467533,5170,5170,18
1786384048240,10280960,8296992,8744400,1457472,8388592,0,1032946,0,1028958,17,1423400,17,1176993,655,0,0,468134,467533,5170,5170,18
1786384048492,10280960,8296992,8744400,1457472,8388592,0,1032946,0,1028958,17,1423400,17,1176993,655,0,0,468134,467533,5170,5170,18
1786384048747,10280960,8296992,8744400,1457472,8388592,0,1032946,0,1028958,17,1423400,17,1176993,655,0,0,468134,467533,5170,5170,18
1786384049005,10280960,8296992,8744400,1457472,8388592,0,1032946,0,1028958,17,1423400,17,1176993,655,0,0,468134,467533,5170,5170,18
1786384049261,10280960,8296992,8744400,1457472,8388592,0,1032946,0,1028958,14,1423400,14,1176993,655,0,0,468134,467533,5170,5170,18
