time	worker_pid	rss_mib	free_mib	compressed_mib
16:46:46	2690	27	4869	1312
16:46:47	2690	250	4607	1310
16:46:48	2690	769	4014	1310
16:46:49	2690	808	3945	1310
16:46:50	2690	827	3912	1309
16:46:51	2690	859	3866	1309
16:46:53	2690	1061	3637	1309
16:46:54	2690	1096	3593	1309
16:46:55	2690	1332	3315	1309
16:46:56	2690	1500	3113	1309
16:46:57	2690	1529	3084	1309
16:46:59	2690	1887	2691	1308
16:47:00	2690	2472	2035	1308
16:47:01	2690	3247	1004	1308
16:47:02	2690	3770	325	1308
16:47:03	2690	3792	308	1308
16:47:04	2690	3792	308	1308
16:47:05	2690	3783	329	1308
16:47:07	2690	3783	310	1308
16:47:08	2690	3783	313	1308
16:47:09	2690	3783	309	1308
16:47:10	2690	3783	337	1308
16:47:11	2690	3783	338	1308
16:47:12	2690	3783	340	1308
16:47:13	2690	3783	341	1308
16:47:14	2690	3783	345	1308
16:47:15	2690	3783	344	1308
16:47:16	2690	3783	343	1308
16:47:17	2690	3783	344	1308
16:47:18	2690	3783	345	1308
16:47:20	2690	3783	343	1308
16:47:21	2690	3783	343	1308
16:47:22	2690	3783	344	1308
16:47:23	2690	3783	272	1308
16:47:24	2690	3783	312	1308
16:47:25	2690	3783	312	1308
16:47:26	2690	3783	310	1308
16:47:27	2690	3783	311	1308
16:47:28	2690	3783	315	1308
16:47:29	2690	3783	327	1308
16:47:30	2690	3783	337	1308
16:47:33	3392	221	3618	1307
16:47:34	3392	720	3108	1307
16:47:35	3392	789	3037	1307
16:47:36	3392	819	3009	1307
16:47:37	3392	895	2962	1307
16:47:38	3392	1057	2815	1306
16:47:39	3392	1096	2794	1306
16:47:40	3392	1535	2483	1306
16:47:41	3392	2119	2001	1306
16:47:42	3392	2895	1286	1306
16:47:43	3392	3601	272	1306
16:47:44	3392	3750	169	1306
16:47:45	3392	4011	63	1306
16:47:46	3392	4119	61	1306
16:47:47	3392	4164	65	1306
16:47:48	3392	4165	63	1306
16:47:49	3392	4165	62	1306
16:47:51	3392	4166	64	1306
16:47:52	3392	4166	99	1306
16:47:53	3392	4166	100	1306
16:47:54	3392	4166	99	1306
16:47:55	3392	4166	104	1306
16:47:56	3392	4166	108	1306
16:47:57	3392	4167	105	1306
16:47:58	3392	4167	98	1306
16:47:59	3392	4167	96	1306
16:48:00	3392	4167	59	1306
16:48:01	3392	4167	59	1306
16:48:02	3392	4168	58	1306
16:48:03	3392	4168	60	1306
16:48:05	3392	4168	60	1306
16:48:06	3392	4168	60	1306
16:48:07	3392	4168	98	1306
16:48:08	3392	4168	97	1306
16:48:09	3392	4168	96	1306
16:48:10	3392	4168	97	1306
16:48:11	3392	4168	98	1306
16:48:12	3392	4170	97	1306
16:48:13	3392	4180	58	1306
16:48:14	3392	4181	96	1306
16:48:15	3392	4183	93	1306
16:48:16	3392	4183	92	1306
16:48:18	3392	4183	92	1306
16:48:19	3392	4183	92	1306
16:48:20	3392	4193	83	1306
16:48:21	3392	4193	82	1306
16:48:22	3392	4193	88	1306
16:48:23	3392	4193	141	1306
16:48:24	3392	4193	140	1306
16:48:25	3392	4193	139	1306
16:48:26	3392	4193	140	1306
16:48:27	3392	4193	139	1306
16:48:28	3392	4193	141	1306
16:48:29	3392	4193	141	1306
16:48:31	3392	4193	114	1306
16:48:32	3392	4193	92	1306
16:48:33	3392	4193	90	1306
16:48:34	3392	4193	93	1306
16:48:35	3392	4193	91	1306
16:48:36	3392	4193	90	1306
16:48:37	3392	4193	92	1306
16:48:38	3392	4193	91	1306
16:48:39	3392	4193	91	1306
16:48:40	3392	4193	73	1306
16:48:41	3392	4193	82	1306
16:48:43	3392	4193	81	1306
16:48:44	3392	4299	56	1306
16:48:45	3392	4303	60	1305
16:48:46	3392	4314	61	1305
16:48:47	3392	4474	60	1306
16:48:48	3392	4603	94	1509
16:48:49	3392	4603	94	1509
16:48:50	3392	4615	74	1509
16:48:51	3392	4715	58	1558
16:48:52	3392	4923	57	1790
16:48:53	3392	4805	61	1873
16:48:54	3392	4707	64	1927
16:48:55	3392	4716	59	1927
16:48:56	3392	4716	60	1927
16:48:58	3392	4754	63	1927
16:48:59	3392	4796	63	1927
16:49:00	3392	4743	59	1951
16:49:01	3392	4698	65	2003
16:49:02	3392	4596	63	2090
16:49:03	3392	4446	59	2227
16:49:04	3392	4207	58	2436
16:49:05	3392	4196	85	2441
16:49:06	3392	4095	62	2508
16:49:07	3392	4042	87	2550
16:49:08	3392	4096	64	2539
16:49:09	3392	4146	59	2545
16:49:11	3392	4240	56	2516
16:49:12	3392	4307	63	2508
16:49:13	3392	4337	63	2501
16:49:14	3392	4371	64	2500
16:49:15	3392	4387	61	2493
16:49:16	3392	4408	56	2487
16:49:17	3392	4438	58	2487
16:49:18	3392	4477	61	2479
16:49:19	3392	4543	58	2469
16:49:20	3392	4566	60	2462
16:49:21	3392	4572	61	2459
16:49:22	3392	4590	61	2446
16:49:23	3392	4606	62	2441
16:49:24	3392	4640	62	2426
16:49:26	3392	4666	64	2422
16:49:27	3392	4689	63	2410
16:49:28	3392	4699	64	2404
16:49:29	3392	4714	63	2392
16:49:30	3392	4736	57	2383
16:49:31	3392	4741	60	2382
16:49:32	3392	4755	62	2372
16:49:33	3392	4756	60	2371
16:49:34	3392	4833	61	2347
16:49:35	3392	4403	60	2522
16:49:36	3392	4392	62	2539
16:49:37	3392	4337	56	2585
16:49:38	3392	4163	61	2633
16:49:39	3392	4007	63	2714
16:49:41	3392	4003	61	2719
16:49:42	3392	3904	58	2755
16:49:43	3392	3860	58	2766
16:49:44	3392	3861	58	2756
16:49:45	3392	3869	58	2763
16:49:46	3392	3882	59	2811
16:49:47	3392	4023	34	3073
16:49:48	3392	4040	62	3099
16:49:49	3392	4041	64	3098
16:49:50	3392	4042	64	3098
16:49:51	3392	4042	64	3098
16:49:52	3392	4042	67	3098
16:49:53	3392	4042	67	3098
16:49:54	3392	4049	93	3096
16:49:56	3392	4049	87	3096
16:49:57	3392	4049	59	3096
16:49:58	3392	4049	80	3096
16:49:59	3392	4049	99	3095
16:50:00	3392	4048	76	3095
16:50:01	3392	4048	73	3095
16:50:02	3392	4048	70	3095
16:50:03	3392	4048	68	3095
16:50:04	3392	4048	71	3095
16:50:05	3392	4048	72	3095
16:50:06	3392	4048	72	3095
16:50:07	3392	4048	101	3095
16:50:09	3392	4048	81	3094
16:50:10	3392	4048	81	3093
16:50:11	3392	4058	67	3093
16:50:12	3392	4058	70	3093
16:50:13	3392	4058	106	3093
16:50:14	3392	4058	106	3093
16:50:15	3392	4058	113	3093
16:50:16	3392	4058	115	3093
16:50:17	3392	4064	110	3090
16:50:18	3392	4064	109	3090
16:50:19	3392	4064	112	3090
16:50:20	3392	4064	113	3090
16:50:22	3392	4064	109	3090
16:50:23	3392	4064	109	3090
16:50:24	3392	4064	108	3089
16:50:25	3392	4064	109	3089
16:50:26	3392	4064	109	3089
16:50:27	3392	4067	106	3089
16:50:28	3392	4067	108	3089
16:50:29	3392	4067	106	3089
16:50:30	3392	4067	98	3088
16:50:31	3392	4067	99	3088
16:50:32	3392	4067	98	3088
16:50:34	3392	4067	98	3088
16:50:35	3392	4067	100	3088
16:50:36	3392	4067	101	3088
16:50:37	3392	4067	99	3088
16:50:38	3392	4067	99	3088
16:50:39	3392	4067	99	3088
16:50:40	3392	4067	97	3088
16:50:41	3392	4067	106	3088
16:50:42	3392	4067	107	3087
16:50:43	3392	4067	104	3087
16:50:44	3392	4067	104	3087
16:50:45	3392	4067	102	3087
16:50:47	3392	4067	104	3087
16:50:48	3392	4067	104	3087
16:50:49	3392	4068	105	3087
16:50:50	3392	4068	103	3087
16:50:51	3392	4068	104	3087
16:50:52	3392	4068	150	3087
16:50:53	3392	4068	138	3087
16:50:54	3392	4068	137	3087
16:50:55	3392	4068	137	3087
16:50:56	3392	4068	137	3087
16:50:57	3392	4068	143	3087
16:50:58	3392	4068	144	3087
16:51:00	3392	4069	64	3086
16:51:01	3392	4069	63	3086
16:51:02	3392	4069	64	3086
16:51:03	3392	4069	67	3086
16:51:04	3392	4069	68	3086
16:51:05	3392	4069	68	3086
16:51:06	3392	4069	68	3086
16:51:07	3392	4069	96	3086
16:51:08	3392	4069	97	3086
16:51:09	3392	4069	97	3086
16:51:10	3392	4069	96	3086
16:51:11	3392	4069	101	3086
16:51:13	3392	4069	87	3084
16:51:14	3392	4069	102	3084
16:51:15	3392	4069	101	3084
16:51:16	3392	4069	101	3084
16:51:17	3392	4069	103	3084
16:51:18	3392	4069	100	3084
16:51:19	3392	4069	105	3084
16:51:20	3392	4069	105	3084
16:51:21	3392	4069	84	3084
16:51:22	3392	4069	71	3084
16:51:23	3392	4069	62	3084
16:51:25	3392	4069	62	3083
16:51:26	3392	4069	60	3083
16:51:27	3392	4069	61	3083
16:51:28	3392	4069	61	3083
16:51:29	3392	4069	60	3083
16:51:30	3392	4090	63	3073
16:51:31	3392	4090	65	3073
16:51:32	3392	4090	64	3073
16:51:33	3392	4142	63	3161
16:51:34	3392	4274	56	3361
16:51:35	3392	4555	14	3587
16:51:36	3392	5570	73	3911
16:51:38	3392	6167	62	4018
16:51:39	3392	5627	482	4213
16:51:40	3392	5899	139	4208
16:51:41	3392	5587	365	4471
16:51:42	3392	5419	246	4456
16:51:43	3392	5367	127	4495
16:51:44	3392	5001	210	4649
16:51:45	3392	5054	101	4638
16:51:46	3392	4998	218	4640
16:51:47	3392	4901	262	4733
16:51:48	3392	4652	519	4732
16:51:49	3392	4427	726	4731
16:51:50	3392	4615	596	4717
16:51:51	3392	4966	205	4715
16:51:52	3392	5057	109	4714
16:51:54	3392	4755	566	4713
16:51:55	3392	4423	760	4709
16:51:56	3392	4423	767	4693
16:51:57	3392	5067	115	4692
16:51:58	3392	4552	738	4691
16:51:59	3392	4439	770	4686
16:52:00	3392	4733	448	4678
16:52:01	3392	5028	165	4682
16:52:02	3392	4625	58	4728
16:52:03	3392	3639	61	4666
16:52:04	3392	2308	2229	4813
16:52:05	3392	3905	1409	4784
16:52:06	3392	4052	1597	4774
16:52:07	3392	4219	1365	4767
16:52:08	3392	4319	1255	4763
16:52:10	3392	4346	1193	4759
16:52:11	3392	3839	1699	4753
16:52:12	3392	3782	1767	4734
16:52:13	3392	4178	1449	4733
16:52:14	3392	4445	1065	4733
16:52:15	3392	4339	1171	4733
16:52:16	3392	4310	597	4733
16:52:17	3392	3880	58	4888
16:52:18	3392	3273	151	4877
16:52:19	3392	2255	3547	4870
16:52:20	3392	2255	3541	4870
16:52:21	3392	2302	3505	4844
16:52:22	3392	2527	3496	4761
16:52:23	3392	3463	1996	4735
16:52:24	3392	3731	1090	4735
16:52:25	3392	4007	1636	4735
16:52:27	3392	4563	1016	4735
16:52:28	3392	4562	61	4743
16:52:29	3392	3825	63	4817
16:52:30	3392	2819	3212	4800
16:52:31	3392	3960	2061	4800
16:52:32	3392	4126	1038	4800
16:52:33	3392	4042	62	4860
16:52:34	3392	3065	2942	4860
16:52:35	3392	4178	1759	4857
16:52:36	3392	4326	1542	4855
16:52:37	3392	4326	469	4855
16:52:38	3392	3880	67	4885
16:52:39	3392	2998	3085	4871
16:52:41	3392	4101	1961	4867
16:52:42	3392	4206	800	4866
16:52:43	3392	4006	58	4892
16:52:44	3392	3048	3020	4879
16:52:45	3392	3960	2180	4876
16:52:46	3392	4465	1775	4876
16:52:47	3392	4343	1882	4875
16:52:48	3392	4343	807	4875
16:52:49	3392	4113	60	4918
16:52:50	3392	2677	3462	4891
16:52:51	3392	3998	1910	4739
16:52:52	3392	4423	1726	4734
16:52:53	3392	4423	635	4734
16:52:54	3392	4128	75	4771
16:52:56	3392	3699	2320	4757
16:52:57	3392	4365	1983	4750
16:52:58	3392	4758	1510	4749
16:52:59	3392	4613	1656	4749
16:53:00	3392	4611	1694	4741
16:53:01	3392	4745	1509	4741
16:53:02	3392	4670	1702	4739
16:53:03	3392	4556	1797	4739
16:53:04	3392	4557	1784	4739
16:53:05	3392	4297	1898	4738
16:53:06	3392	4297	831	4738
16:53:07	3392	3718	1136	4792
16:53:08	3392	4033	1761	4792
16:53:09	3392	3833	1760	4790
16:53:10	3392	3439	1788	4784
16:53:11	3392	2576	3854	4782
16:53:13	3392	2576	3853	4782
16:53:14	3392	2580	3855	4781
16:53:15	3392	3087	3111	4768
16:53:16	3392	3686	1731	4764
16:53:17	3392	3681	1776	4763
16:53:18	3392	4034	2131	4761
16:53:19	3392	4749	1368	4755
16:53:20	3392	4595	1693	4754
16:53:21	3392	4596	599	4754
16:53:22	3392	4133	61	4812
16:53:23	3392	2767	3527	4799
16:53:24	3392	3921	1871	4798
16:53:25	3392	3921	775	4798
16:53:26	3392	3609	2138	4798
16:53:27	3392	3677	1173	4797
16:53:29	3392	4026	1453	4795
16:53:30	3392	3953	611	4795
16:53:31	3392	3589	1750	4794
16:53:32	3392	3805	986	4794
16:53:33	3392	3838	1481	4791
16:53:34	3392	3723	1486	4790
16:53:35	3392	3411	1755	4790
16:53:36	3392	3759	1190	4788
16:53:37	3392	3858	929	4788
16:53:38	3392	3661	1222	4788
16:53:39	3392	3818	1078	4786
16:53:40	3392	3924	784	4786
16:53:41	3392	3864	903	4785
16:53:42	3392	4113	591	4785
16:53:43	3392	3903	905	4785
16:53:44	3392	3734	1151	4785
16:53:45	3392	3938	876	4783
16:53:47	3392	3786	987	4783
16:53:48	3392	4076	820	4783
16:53:49	3392	4082	776	4783
16:53:50	3392	3672	1386	4783
16:53:51	3392	3841	1332	4782
16:53:52	3392	3505	1517	4775
16:53:53	3392	3955	910	4775
16:53:54	3392	3968	609	4774
16:53:55	3392	3846	828	4774
16:53:56	3392	4045	597	4774
16:53:57	3392	4161	367	4774
16:53:58	3392	3788	1140	4774
16:53:59	3392	3603	1366	4774
16:54:00	3392	3818	1012	4774
16:54:01	3392	3831	1140	4773
16:54:02	3392	3868	986	4771
16:54:03	3392	3680	1273	4771
16:54:05	3392	3658	1147	4767
16:54:06	3392	2984	2831	4767
16:54:07	3392	2984	2829	4767
16:54:08	3392	2601	3781	4762
16:54:09	3392	3364	2821	4761
16:54:10	3392	4366	1795	4760
16:54:11	3392	4220	1845	4760
16:54:12	3392	4070	2092	4760
16:54:13	3392	4464	1580	4760
16:54:14	3392	4625	1538	4760
16:54:15	3392	4479	1660	4759
16:54:16	3392	4228	1111	4759
16:54:17	3392	4228	57	4759
16:54:18	3392	3384	2701	4807
16:54:19	3392	4360	1724	4804
16:54:20	3392	4342	1759	4804
16:54:22	3392	4342	663	4804
16:54:23	3392	3909	55	4900
16:54:24	3392	3427	2295	4886
16:54:25	3392	3462	1448	4880
16:54:26	3392	3302	1833	4878
16:54:27	3392	3799	1106	4878
16:54:28	3392	3699	633	4878
16:54:29	3392	3481	1406	4874
16:54:30	3392	3886	768	4874
16:54:31	3392	3926	701	4874
16:54:32	3392	3576	1126	4873
16:54:33	3392	3846	890	4873
16:54:34	3392	3829	639	4873
16:54:35	3392	3422	1313	4873
16:54:36	3392	3425	1348	4873
16:54:37	3392	3768	855	4873
16:54:39	3392	3555	1074	4872
16:54:40	3392	3834	896	4872
16:54:41	3392	3437	1377	4872
16:54:42	3392	3741	1019	4871
16:54:43	3392	3866	707	4869
16:54:44	3392	3534	1137	4866
16:54:45	3392	3541	1155	4866
16:54:46	3392	3600	911	4866
16:54:47	3392	3711	762	4862
16:54:48	3392	3767	705	4843
16:54:49	3392	3538	1128	4843
16:54:50	3392	3610	1246	4843
16:54:51	3392	3662	1059	4843
16:54:52	3392	3985	555	4843
16:54:53	3392	3814	694	4843
16:54:54	3392	3458	1211	4843
16:54:55	3392	3379	1537	4842
16:54:57	3392	3655	1132	4842
16:54:58	3392	3653	1068	4839
16:54:59	3392	3854	802	4834
16:55:00	3392	3878	833	4834
16:55:01	3392	3518	1075	4834
16:55:02	3392	4049	283	4834
16:55:03	3392	4097	299	4790
16:55:04	3392	3732	1031	4790
16:55:05	3392	3742	932	4790
16:55:06	3392	3694	1376	4790
16:55:07	3392	3527	1532	4790
16:55:08	3392	3408	1573	4790
16:55:09	3392	2980	2925	4652
16:55:10	3392	2983	3039	4651
16:55:11	3392	2983	3039	4651
16:55:12	3392	2983	3036	4651
16:55:13	3392	2983	3038	4651
16:55:15	3392	2983	3030	4651
16:55:16	3392	3076	3006	4611
